Time,Temperature,Pressure,Humidity,Illuminance
1448925600,4.6125941541E+00,1.0004008402E+03,9.9900000000E+01,0.0000000000E+00
1448926800,4.6499663166E+00,1.0006000000E+03,9.9900000000E+01,0.0000000000E+00
1448928000,4.6375036019E+00,1.0008987512E+03,9.9900000000E+01,0.0000000000E+00
1448929200,4.5467469593E+00,1.0010983585E+03,9.9900000000E+01,0.0000000000E+00
1448930400,4.2914753249E+00,1.0012983440E+03,9.9900000000E+01,0.0000000000E+00
1448931600,2.9309812117E+00,1.0011000000E+03,9.9900000000E+01,0.0000000000E+00
1448932800,3.8590400790E+00,1.0013991949E+03,9.9900000000E+01,0.0000000000E+00
1448934000,4.1468425841E+00,1.0018983820E+03,9.9900000000E+01,0.0000000000E+00
1448935200,4.0718217223E+00,1.0019987067E+03,9.9900000000E+01,0.0000000000E+00
1448936400,4.1405730191E+00,1.0022987600E+03,9.9900000000E+01,0.0000000000E+00
1448937600,4.3780852364E+00,1.0027973827E+03,9.9900000000E+01,0.0000000000E+00
1448938800,4.4281454378E+00,1.0028987145E+03,9.9900000000E+01,0.0000000000E+00
1448940000,4.3562477743E+00,1.0032974691E+03,9.9900000000E+01,0.0000000000E+00
1448941200,4.3998919775E+00,1.0036948632E+03,9.9900000000E+01,0.0000000000E+00
1448942400,4.6406248141E+00,1.0040982758E+03,9.9900000000E+01,0.0000000000E+00
1448943600,4.8874150848E+00,1.0042000000E+03,9.9900000000E+01,0.0000000000E+00
1448944800,4.9906080146E+00,1.0043986675E+03,9.9900000000E+01,0.0000000000E+00
1448946000,4.9531806802E+00,1.0046991905E+03,9.9900000000E+01,0.0000000000E+00
1448947200,4.8908977140E+00,1.0049000000E+03,9.9900000000E+01,0.0000000000E+00
1448948400,4.8031241626E+00,1.0053930692E+03,9.9900000000E+01,0.0000000000E+00
1448949600,4.9216452183E+00,1.0056973886E+03,9.9900000000E+01,0.0000000000E+00
1448950800,4.9219152731E+00,1.0059982463E+03,9.9900000000E+01,0.0000000000E+00
1448952000,4.8188648505E+00,1.0060983297E+03,9.9900000000E+01,6.9326259400E+00
1448953200,4.8716504145E+00,1.0064982621E+03,9.9900000000E+01,9.2773615983E+01
1448954400,4.9688977670E+00,1.0067986766E+03,9.9900000000E+01,3.1220763722E+02
1448955600,5.0373822761E+00,1.0071975096E+03,9.9900000000E+01,1.1171214141E+03
1448956800,5.1031506972E+00,1.0073990834E+03,9.9900000000E+01,9.7461602200E+03
1448958000,5.2717788266E+00,1.0077966791E+03,9.9900000000E+01,1.1993285382E+03
1448959200,5.4218303919E+00,1.0080021577E+03,9.6965160085E+01,4.7853860722E+02
1448960400,5.4717847366E+00,1.0084981389E+03,8.7525606035E+01,1.9723993803E+03
1448961600,5.6591478088E+00,1.0088973667E+03,8.0830294448E+01,3.9923969846E+04
1448962800,5.9779915023E+00,1.0090986683E+03,7.1647083394E+01,2.4848601934E+04
1448964000,6.2278934571E+00,1.0094976544E+03,6.5743919463E+01,4.0054329562E+04
1448965200,6.5436043626E+00,1.0096976031E+03,6.0347289515E+01,4.0000000000E+04
1448966400,6.7623782710E+00,1.0100991241E+03,5.9502668544E+01,4.0000000000E+04
1448967600,7.0436808041E+00,1.0103983643E+03,5.4926397272E+01,4.0000000000E+04
1448968800,7.1968485158E+00,1.0105978917E+03,5.4214858149E+01,8.2955502166E+03
1448970000,7.2874947000E+00,1.0110967274E+03,5.3086796299E+01,3.8738175436E+04
1448971200,7.2063279397E+00,1.0113012717E+03,5.3492283460E+01,4.3764721800E+04
1448972400,7.1813019525E+00,1.0115983332E+03,5.3808467773E+01,5.2740954787E+03
1448973600,7.1313029057E+00,1.0119986303E+03,5.4591697657E+01,3.2832608313E+03
1448974800,7.0438007202E+00,1.0122986912E+03,5.5390739569E+01,2.5199874034E+03
1448976000,6.9686741781E+00,1.0127964966E+03,5.6380575181E+01,1.9167966692E+03
1448977200,6.9314601254E+00,1.0130973805E+03,5.8982790385E+01,1.3843360176E+03
1448978400,6.6720222317E+00,1.0133975060E+03,5.8592428095E+01,8.7143259693E+02
1448979600,6.3845682916E+00,1.0138964837E+03,6.1579836719E+01,4.1747889745E+02
1448980800,6.0813996117E+00,1.0140000000E+03,6.8374738022E+01,1.1186077853E+02
1448982000,5.8563344008E+00,1.0142986127E+03,7.5466365492E+01,1.9448460107E+01
1448983200,5.6283477328E+00,1.0148929995E+03,7.8455888767E+01,2.0705779733E+00
1448984400,5.3313772784E+00,1.0148990294E+03,8.3593103928E+01,0.0000000000E+00
1448985600,5.2062454428E+00,1.0149013033E+03,8.4007905150E+01,0.0000000000E+00
1448986800,5.1656292203E+00,1.0152956862E+03,8.5382631829E+01,0.0000000000E+00
1448988000,5.2750020110E+00,1.0153007633E+03,8.6397666304E+01,0.0000000000E+00
1448989200,5.2594903924E+00,1.0156966711E+03,8.7974820825E+01,0.0000000000E+00
1448990400,5.0407563158E+00,1.0157000000E+03,8.9487947210E+01,0.0000000000E+00
1448991600,4.8530104230E+00,1.0159992593E+03,9.1094702624E+01,0.0000000000E+00
1448992800,4.8813704460E+00,1.0161991288E+03,9.2193781612E+01,0.0000000000E+00
1448994000,4.8686458233E+00,1.0165984557E+03,9.4084201730E+01,1.9842017300E+00
1448995200,4.7718641363E+00,1.0165024635E+03,9.7335582547E+01,2.0000000000E+00
1448996400,4.6283762698E+00,1.0165016096E+03,9.9496752690E+01,2.0000000000E+00
1448997600,4.5469941123E+00,1.0164010795E+03,9.9900000000E+01,2.0000000000E+00
1448998800,4.5499768568E+00,1.0167000000E+03,9.9900000000E+01,1.9762472833E+00
1449000000,4.5093717771E+00,1.0167016680E+03,9.9900000000E+01,2.0000000000E+00
1449001200,4.8404189805E+00,1.0168976352E+03,9.9900000000E+01,2.3938940000E-02
1449002400,4.9374496870E+00,1.0170000000E+03,9.9900000000E+01,2.3736893333E-02
1449003600,5.0468643192E+00,1.0170992287E+03,9.9900000000E+01,1.9842745333E+00
1449004800,5.0188513758E+00,1.0170988143E+03,9.9900000000E+01,2.0000000000E+00
1449006000,5.0125574509E+00,1.0170987275E+03,9.9900000000E+01,2.0000000000E+00
1449007200,5.0781087061E+00,1.0172000000E+03,9.9900000000E+01,0.0000000000E+00
1449008400,5.1467675443E+00,1.0173000000E+03,9.9900000000E+01,0.0000000000E+00
1449009600,5.1218135990E+00,1.0173012009E+03,9.9900000000E+01,0.0000000000E+00
1449010800,5.2467842185E+00,1.0172988432E+03,9.9900000000E+01,0.0000000000E+00
1449012000,5.3028925864E+00,1.0172000000E+03,9.9900000000E+01,0.0000000000E+00
1449013200,5.2505566818E+00,1.0173984188E+03,9.9900000000E+01,0.0000000000E+00
1449014400,5.1653794448E+00,1.0174000000E+03,9.9900000000E+01,0.0000000000E+00
1449015600,5.2158939914E+00,1.0173988248E+03,9.9900000000E+01,0.0000000000E+00
1449016800,5.0907341797E+00,1.0172008281E+03,9.9900000000E+01,0.0000000000E+00
1449018000,4.9841612117E+00,1.0173000000E+03,9.9900000000E+01,0.0000000000E+00
1449019200,4.8217822347E+00,1.0171016951E+03,9.9900000000E+01,0.0000000000E+00
1449020400,4.7189631409E+00,1.0172000000E+03,9.9900000000E+01,0.0000000000E+00
1449021600,4.6000567248E+00,1.0172957287E+03,9.9900000000E+01,0.0000000000E+00
1449022800,4.5466633702E+00,1.0173000000E+03,9.9900000000E+01,0.0000000000E+00
1449024000,4.5440484184E+00,1.0173012379E+03,9.9900000000E+01,0.0000000000E+00
1449025200,4.6675375307E+00,1.0170024338E+03,9.9900000000E+01,0.0000000000E+00
1449026400,4.7594203446E+00,1.0172010711E+03,9.9900000000E+01,0.0000000000E+00
1449027600,4.8344985965E+00,1.0172983308E+03,9.9900000000E+01,0.0000000000E+00
1449028800,4.9812969658E+00,1.0173020147E+03,9.9900000000E+01,0.0000000000E+00
1449030000,4.8281543024E+00,1.0172000000E+03,9.9900000000E+01,0.0000000000E+00
1449031200,4.9842142407E+00,1.0172985009E+03,9.9900000000E+01,0.0000000000E+00
1449032400,5.1625088912E+00,1.0173000000E+03,9.9900000000E+01,0.0000000000E+00
1449033600,5.1592367891E+00,1.0173000000E+03,9.9900000000E+01,0.0000000000E+00
1449034800,5.2467366901E+00,1.0172008183E+03,9.9900000000E+01,0.0000000000E+00
1449036000,5.0814566423E+00,1.0174012525E+03,9.9900000000E+01,0.0000000000E+00
1449037200,4.8063657640E+00,1.0175000000E+03,9.9900000000E+01,0.0000000000E+00
1449038400,4.6656527314E+00,1.0175988368E+03,9.9900000000E+01,0.0000000000E+00
1449039600,4.6781757253E+00,1.0176000000E+03,9.9900000000E+01,5.9475042667E+00
1449040800,4.5875426570E+00,1.0175024676E+03,9.9900000000E+01,2.3862698293E+01
1449042000,4.5936975028E+00,1.0176991621E+03,9.9900000000E+01,3.5991484012E+01
1449043200,4.6718519504E+00,1.0177000000E+03,9.9900000000E+01,8.7763767553E+01
1449044400,4.8030573134E+00,1.0176000000E+03,9.9900000000E+01,1.9178825745E+02
1449045600,4.9562006724E+00,1.0176000000E+03,9.9900000000E+01,1.5177667448E+02
1449046800,5.2529117234E+00,1.0175000000E+03,9.9900000000E+01,2.2932201326E+02
1449048000,5.4624793890E+00,1.0175013892E+03,9.9900000000E+01,2.4258223260E+02
1449049200,5.6624245445E+00,1.0176000000E+03,9.9900000000E+01,1.8398482207E+02
1449050400,5.7780653255E+00,1.0177000000E+03,9.9900000000E+01,1.9606463279E+02
1449051600,5.9905700076E+00,1.0176006185E+03,9.9900000000E+01,3.3239205568E+02
1449052800,6.1591318092E+00,1.0176989620E+03,9.9900000000E+01,2.7163118970E+02
1449054000,6.4375640257E+00,1.0177000000E+03,9.9900000000E+01,2.3394275192E+02
1449055200,6.7997380034E+00,1.0176006203E+03,9.9900000000E+01,3.3278419174E+02
1449056400,7.2716436484E+00,1.0177957489E+03,9.9900000000E+01,2.9629957804E+02
1449057600,7.8028243969E+00,1.0176988919E+03,9.9900000000E+01,2.2387660928E+02
1449058800,8.1999695211E+00,1.0177988860E+03,9.9900000000E+01,2.3312407126E+02
1449060000,8.3280039148E+00,1.0178000000E+03,9.9900000000E+01,2.1604612769E+02
1449061200,8.3468640831E+00,1.0179000000E+03,9.9900000000E+01,2.2207517665E+02
1449062400,8.3531098530E+00,1.0180000000E+03,9.9900000000E+01,1.3973173059E+02
1449063600,8.3625166953E+00,1.0178014837E+03,9.9900000000E+01,1.0225463201E+02
1449064800,8.3249661955E+00,1.0177975324E+03,9.9900000000E+01,7.4297813280E+01
1449066000,8.3093451797E+00,1.0178000000E+03,9.9900000000E+01,5.1233058160E+01
1449067200,8.3093815053E+00,1.0178006469E+03,9.9900000000E+01,2.2072761480E+01
1449068400,8.2250579225E+00,1.0180985269E+03,9.9900000000E+01,3.0743669500E+00
1449069600,8.2593857003E+00,1.0182000000E+03,9.9900000000E+01,0.0000000000E+00
1449070800,8.2124867353E+00,1.0183985307E+03,9.9900000000E+01,0.0000000000E+00
1449072000,8.2124074922E+00,1.0184011285E+03,9.9900000000E+01,0.0000000000E+00
1449073200,8.2905644993E+00,1.0187000000E+03,9.9900000000E+01,0.0000000000E+00
1449074400,8.3500972097E+00,1.0188010861E+03,9.9900000000E+01,0.0000000000E+00
1449075600,8.4094271183E+00,1.0187981333E+03,9.9900000000E+01,0.0000000000E+00
1449076800,8.3655804385E+00,1.0188011903E+03,9.9900000000E+01,0.0000000000E+00
1449078000,8.3405707535E+00,1.0189010723E+03,9.9900000000E+01,0.0000000000E+00
1449079200,8.4312847653E+00,1.0188014027E+03,9.9900000000E+01,0.0000000000E+00
1449080400,8.5249524476E+00,1.0188014526E+03,9.9900000000E+01,1.9706650400E+00
1449081600,8.5781128696E+00,1.0188013978E+03,9.9900000000E+01,2.0000000000E+00
1449082800,8.5156431181E+00,1.0188993339E+03,9.9900000000E+01,2.0000000000E+00
1449084000,8.4250758766E+00,1.0189981138E+03,9.9900000000E+01,0.0000000000E+00
1449085200,8.3937571920E+00,1.0189010756E+03,9.9900000000E+01,0.0000000000E+00
1449086400,8.4186312464E+00,1.0187010628E+03,9.9900000000E+01,0.0000000000E+00
1449087600,8.5623924147E+00,1.0189984689E+03,9.9900000000E+01,0.0000000000E+00
1449088800,8.5968034179E+00,1.0189006709E+03,9.9900000000E+01,0.0000000000E+00
1449090000,8.6155033050E+00,1.0188976256E+03,9.9900000000E+01,0.0000000000E+00
1449091200,8.6594346863E+00,1.0187000000E+03,9.9900000000E+01,0.0000000000E+00
1449092400,8.6188382117E+00,1.0186000000E+03,9.9900000000E+01,0.0000000000E+00
1449093600,8.6717964234E+00,1.0185000000E+03,9.9900000000E+01,0.0000000000E+00
1449094800,8.7499778207E+00,1.0184014158E+03,9.9900000000E+01,0.0000000000E+00
1449096000,8.8249141088E+00,1.0186000000E+03,9.9900000000E+01,0.0000000000E+00
1449097200,8.9031185659E+00,1.0184019784E+03,9.9900000000E+01,0.0000000000E+00
1449098400,8.9469446241E+00,1.0185000000E+03,9.9900000000E+01,0.0000000000E+00
1449099600,8.9305037705E+00,1.0187000000E+03,9.9900000000E+01,0.0000000000E+00
1449100800,8.9469290336E+00,1.0186000000E+03,9.9900000000E+01,0.0000000000E+00
1449102000,8.8937563203E+00,1.0187011122E+03,9.9900000000E+01,0.0000000000E+00
1449103200,8.9219063094E+00,1.0187988419E+03,9.9900000000E+01,0.0000000000E+00
1449104400,8.9375388007E+00,1.0188985294E+03,9.9900000000E+01,0.0000000000E+00
1449105600,8.9343562503E+00,1.0190987515E+03,9.9900000000E+01,0.0000000000E+00
1449106800,8.8999977562E+00,1.0191988704E+03,9.9900000000E+01,0.0000000000E+00
1449108000,8.8094237405E+00,1.0192000000E+03,9.9900000000E+01,0.0000000000E+00
1449109200,8.7781285885E+00,1.0192000000E+03,9.9900000000E+01,0.0000000000E+00
1449110400,8.8249657628E+00,1.0194000000E+03,9.9900000000E+01,0.0000000000E+00
1449111600,8.9062730513E+00,1.0195993504E+03,9.9900000000E+01,0.0000000000E+00
1449112800,8.8062203661E+00,1.0195006271E+03,9.9900000000E+01,0.0000000000E+00
1449114000,8.8062003717E+00,1.0195984384E+03,9.9900000000E+01,0.0000000000E+00
1449115200,8.7843268949E+00,1.0197993269E+03,9.9900000000E+01,0.0000000000E+00
1449116400,8.7406871976E+00,1.0198000000E+03,9.9900000000E+01,0.0000000000E+00
1449117600,8.7156735343E+00,1.0201968900E+03,9.9900000000E+01,0.0000000000E+00
1449118800,8.7905897028E+00,1.0202993683E+03,9.9900000000E+01,0.0000000000E+00
1449120000,8.8093584910E+00,1.0202021566E+03,9.9900000000E+01,0.0000000000E+00
1449121200,8.8093570226E+00,1.0202980142E+03,9.9900000000E+01,0.0000000000E+00
1449122400,8.8499421717E+00,1.0205984865E+03,9.9900000000E+01,0.0000000000E+00
1449123600,8.9218727496E+00,1.0208928618E+03,9.9900000000E+01,0.0000000000E+00
1449124800,8.8969208192E+00,1.0211000000E+03,9.9900000000E+01,0.0000000000E+00
1449126000,8.8656115782E+00,1.0210010949E+03,9.9900000000E+01,2.9667332850E+00
1449127200,8.9249215497E+00,1.0215961552E+03,9.9900000000E+01,5.9612712500E+00
1449128400,8.8501421699E+00,1.0216000000E+03,9.9900000000E+01,2.0879874950E+01
1449129600,8.8246793546E+00,1.0216000000E+03,9.9900000000E+01,4.3894968900E+01
1449130800,8.9063809258E+00,1.0218988852E+03,9.9900000000E+01,7.3796811620E+01
1449132000,8.7999788988E+00,1.0221993362E+03,9.9900000000E+01,6.6014447747E+01
1449133200,8.7811734760E+00,1.0220021949E+03,9.9900000000E+01,1.6531059596E+02
1449134400,8.8000327263E+00,1.0221985527E+03,9.9900000000E+01,1.7808146945E+02
1449135600,8.7623650787E+00,1.0222980320E+03,9.9900000000E+01,1.2932430085E+02
1449136800,8.7249067852E+00,1.0223987472E+03,9.9900000000E+01,1.2316633262E+02
1449138000,8.6532382146E+00,1.0224000000E+03,9.9900000000E+01,1.2181832206E+02
1449139200,8.6032098048E+00,1.0223993510E+03,9.9900000000E+01,1.5523045296E+02
1449140400,8.5437994865E+00,1.0224000000E+03,9.9900000000E+01,2.0769560310E+02
1449141600,8.5875436045E+00,1.0223006798E+03,9.9900000000E+01,1.9518039745E+02
1449142800,8.5750673260E+00,1.0223019161E+03,9.9900000000E+01,2.1190122892E+02
1449144000,8.6030050213E+00,1.0224000000E+03,9.9900000000E+01,2.1309630400E+02
1449145200,8.5782556524E+00,1.0224011319E+03,9.9900000000E+01,1.4974791344E+02
1449146400,8.5093717751E+00,1.0223011330E+03,9.9900000000E+01,9.5203561343E+01
1449147600,8.5125768347E+00,1.0223000000E+03,9.9900000000E+01,5.8209700945E+01
1449148800,8.4375125760E+00,1.0222014555E+03,9.9900000000E+01,3.2132256800E+01
1449150000,8.4218741870E+00,1.0224000000E+03,9.9900000000E+01,4.6902232120E+01
1449151200,8.4250669305E+00,1.0222015488E+03,9.9900000000E+01,2.1343814423E+01
1449152400,8.3312749276E+00,1.0222981244E+03,9.9900000000E+01,1.2075590673E+01
1449153600,8.2561725501E+00,1.0222968534E+03,9.9900000000E+01,3.0816469333E+00
1449154800,8.2124006328E+00,1.0224990774E+03,9.9900000000E+01,1.8740236667E-02
1449156000,8.1596030146E+00,1.0225986233E+03,9.9900000000E+01,0.0000000000E+00
1449157200,8.1093320524E+00,1.0223993723E+03,9.9900000000E+01,0.0000000000E+00
1449158400,8.0220789868E+00,1.0224000000E+03,9.9900000000E+01,0.0000000000E+00
1449159600,8.0313437846E+00,1.0222010544E+03,9.9900000000E+01,0.0000000000E+00
1449160800,8.0343182967E+00,1.0223000000E+03,9.9900000000E+01,0.0000000000E+00
1449162000,7.9780880862E+00,1.0220027211E+03,9.9900000000E+01,0.0000000000E+00
1449163200,7.9126777360E+00,1.0221000000E+03,9.9900000000E+01,0.0000000000E+00
1449164400,7.7968298284E+00,1.0221010615E+03,9.9900000000E+01,0.0000000000E+00
1449165600,7.7063267896E+00,1.0221993585E+03,9.9900000000E+01,0.0000000000E+00
1449166800,7.7062775067E+00,1.0219046436E+03,9.9900000000E+01,0.0000000000E+00
1449168000,7.7436727661E+00,1.0216021981E+03,9.9900000000E+01,0.0000000000E+00
1449169200,7.6969103197E+00,1.0214989179E+03,9.9900000000E+01,0.0000000000E+00
1449170400,7.7000716232E+00,1.0214993953E+03,9.9900000000E+01,0.0000000000E+00
1449171600,7.8280531093E+00,1.0216000000E+03,9.9900000000E+01,0.0000000000E+00
1449172800,7.8968233782E+00,1.0214019610E+03,9.9900000000E+01,0.0000000000E+00
1449174000,7.9406435948E+00,1.0211043029E+03,9.9900000000E+01,0.0000000000E+00
1449175200,7.9530815128E+00,1.0212000000E+03,9.9900000000E+01,0.0000000000E+00
1449176400,8.0374607474E+00,1.0210000000E+03,9.9900000000E+01,0.0000000000E+00
1449177600,7.9500366424E+00,1.0206020264E+03,9.9900000000E+01,0.0000000000E+00
1449178800,7.8468784488E+00,1.0204015195E+03,9.9900000000E+01,0.0000000000E+00
1449180000,7.8218506779E+00,1.0200018074E+03,9.9900000000E+01,0.0000000000E+00
1449181200,7.8843289711E+00,1.0198010255E+03,9.9900000000E+01,0.0000000000E+00
1449182400,7.9218344215E+00,1.0197000000E+03,9.9900000000E+01,0.0000000000E+00
1449183600,7.9500199091E+00,1.0193006642E+03,9.9900000000E+01,0.0000000000E+00
1449184800,7.9375007899E+00,1.0190000000E+03,9.9900000000E+01,0.0000000000E+00
1449186000,7.9282290946E+00,1.0184026674E+03,9.9900000000E+01,0.0000000000E+00
1449187200,7.9345098689E+00,1.0179091911E+03,9.9900000000E+01,0.0000000000E+00
1449188400,7.9217820560E+00,1.0178006257E+03,9.9900000000E+01,0.0000000000E+00
1449189600,7.9031301736E+00,1.0175000000E+03,9.9900000000E+01,0.0000000000E+00
1449190800,7.8499502858E+00,1.0171023362E+03,9.9900000000E+01,0.0000000000E+00
1449192000,7.7469887968E+00,1.0168010502E+03,9.9900000000E+01,0.0000000000E+00
1449193200,7.6406033398E+00,1.0164006553E+03,9.9900000000E+01,0.0000000000E+00
1449194400,7.5469531782E+00,1.0160993569E+03,9.9900000000E+01,0.0000000000E+00
1449195600,7.4405360057E+00,1.0155006469E+03,9.9900000000E+01,0.0000000000E+00
1449196800,7.3500610892E+00,1.0150043301E+03,9.9900000000E+01,0.0000000000E+00
1449198000,7.2062910055E+00,1.0142012912E+03,9.9900000000E+01,0.0000000000E+00
1449199200,7.1749806885E+00,1.0135121470E+03,9.9900000000E+01,0.0000000000E+00
1449200400,7.1782239243E+00,1.0133031450E+03,9.9900000000E+01,0.0000000000E+00
1449201600,7.0157559060E+00,1.0126042164E+03,9.9900000000E+01,0.0000000000E+00
1449202800,6.8594414893E+00,1.0117030770E+03,9.9900000000E+01,0.0000000000E+00
1449204000,6.7344252722E+00,1.0110044647E+03,9.9900000000E+01,0.0000000000E+00
1449205200,6.6969344327E+00,1.0105022553E+03,9.9900000000E+01,0.0000000000E+00
1449206400,6.6249550776E+00,1.0103032402E+03,9.9900000000E+01,0.0000000000E+00
1449207600,6.4220627942E+00,1.0099030898E+03,9.9900000000E+01,0.0000000000E+00
1449208800,6.2219831657E+00,1.0095987664E+03,9.9900000000E+01,0.0000000000E+00
1449210000,6.2125395305E+00,1.0089023580E+03,9.9900000000E+01,0.0000000000E+00
1449211200,6.2406387336E+00,1.0087000000E+03,9.9900000000E+01,0.0000000000E+00
1449212400,6.2624553443E+00,1.0087006000E+03,9.9900000000E+01,0.0000000000E+00
1449213600,6.2781390073E+00,1.0083006250E+03,9.9900000000E+01,5.9744197667E+00
1449214800,6.2811050634E+00,1.0081000000E+03,9.9900000000E+01,7.0000000000E+00
1449216000,6.4499457606E+00,1.0079022925E+03,9.9900000000E+01,1.6000000000E+01
1449217200,6.6280690288E+00,1.0076000000E+03,9.9900000000E+01,3.0967016295E+01
1449218400,6.8623025021E+00,1.0074011538E+03,9.9900000000E+01,3.3060699158E+01
1449219600,7.1436903781E+00,1.0075988952E+03,9.9900000000E+01,4.4932868000E+01
1449220800,7.5153229935E+00,1.0075993521E+03,9.9900000000E+01,7.1026449620E+01
1449222000,7.9779281107E+00,1.0077989304E+03,9.9900000000E+01,9.0662374700E+01
1449223200,8.1999037871E+00,1.0083972813E+03,9.9900000000E+01,1.1253570407E+02
1449224400,8.3372794295E+00,1.0087978751E+03,9.9900000000E+01,1.9574828292E+04
1449225600,8.6656539569E+00,1.0094962870E+03,9.9900000000E+01,1.2224245987E+03
1449226800,8.5438380727E+00,1.0098966234E+03,9.9900000000E+01,4.6233332284E+02
1449228000,8.6811973646E+00,1.0102984331E+03,9.9900000000E+01,2.6657268814E+04
1449229200,8.6875047249E+00,1.0107980783E+03,9.6220251846E+01,2.4893506020E+04
1449230400,8.7656625331E+00,1.0111955838E+03,8.1557954383E+01,1.5730697846E+03
1449231600,8.8843093029E+00,1.0113980583E+03,7.7307580348E+01,3.7110854221E+03
1449232800,8.7875899083E+00,1.0117970358E+03,7.9864486329E+01,8.7217799425E+02
1449234000,8.8938522476E+00,1.0122971262E+03,7.7655143934E+01,1.4617699380E+03
1449235200,8.8250173002E+00,1.0125969904E+03,7.7275707776E+01,6.8955559496E+02
1449236400,8.6688770592E+00,1.0130993501E+03,7.9787022102E+01,1.9098558011E+02
1449237600,8.6249492742E+00,1.0136954851E+03,8.0011429163E+01,2.0167432064E+02
1449238800,8.5500989393E+00,1.0137015424E+03,7.9395329294E+01,4.5622760800E+01
1449240000,8.4563470139E+00,1.0139979989E+03,8.4732096351E+01,1.6226345497E+01
1449241200,8.1282230568E+00,1.0141010079E+03,8.8310218040E+01,3.0306541200E+00
1449242400,8.2937220563E+00,1.0145978575E+03,8.4313114728E+01,0.0000000000E+00
1449243600,8.3249339727E+00,1.0149985499E+03,8.3692995407E+01,0.0000000000E+00
1449244800,8.2656826983E+00,1.0153993983E+03,8.6390762365E+01,0.0000000000E+00
1449246000,8.0500795210E+00,1.0157970926E+03,8.8183854937E+01,0.0000000000E+00
1449247200,7.8313648419E+00,1.0158989118E+03,8.9296551548E+01,0.0000000000E+00
1449248400,7.6969165776E+00,1.0159000000E+03,8.9400000000E+01,0.0000000000E+00
1449249600,7.5094790510E+00,1.0162967019E+03,9.3286637670E+01,0.0000000000E+00
1449250800,7.4657005068E+00,1.0165968320E+03,9.2411499475E+01,0.0000000000E+00
1449252000,7.4000003286E+00,1.0169985220E+03,9.0205267830E+01,0.0000000000E+00
1449253200,7.3783530130E+00,1.0172970466E+03,9.0697016909E+01,0.0000000000E+00
1449254400,7.2593780265E+00,1.0174969819E+03,9.4465446756E+01,0.0000000000E+00
1449255600,7.3686535403E+00,1.0175989645E+03,9.8180068101E+01,1.9790190533E+00
1449256800,7.2438352735E+00,1.0175994072E+03,9.9886657491E+01,2.0000000000E+00
1449258000,7.1750000503E+00,1.0176984768E+03,9.9900000000E+01,2.0000000000E+00
1449259200,7.0906333530E+00,1.0177986979E+03,9.9900000000E+01,1.9736756300E+00
1449260400,7.1686768184E+00,1.0179978865E+03,9.9900000000E+01,0.0000000000E+00
1449261600,7.3435839579E+00,1.0179000000E+03,9.9900000000E+01,0.0000000000E+00
1449262800,7.5218208897E+00,1.0182941224E+03,9.9900000000E+01,0.0000000000E+00
1449264000,7.6625085812E+00,1.0182006869E+03,9.9900000000E+01,0.0000000000E+00
1449265200,7.6531963478E+00,1.0181006759E+03,9.9900000000E+01,0.0000000000E+00
1449266400,7.6686416717E+00,1.0183985894E+03,9.9900000000E+01,0.0000000000E+00
1449267600,7.7968656085E+00,1.0184990013E+03,9.9900000000E+01,0.0000000000E+00
1449268800,7.8156437137E+00,1.0183000000E+03,9.9900000000E+01,0.0000000000E+00
1449270000,7.7687048139E+00,1.0179021960E+03,9.9900000000E+01,0.0000000000E+00
1449271200,7.7656141947E+00,1.0175014091E+03,9.9900000000E+01,0.0000000000E+00
1449272400,7.8812213523E+00,1.0173010724E+03,9.9900000000E+01,0.0000000000E+00
1449273600,7.9781215289E+00,1.0172960198E+03,9.9900000000E+01,0.0000000000E+00
1449274800,8.0968101641E+00,1.0175993667E+03,9.9900000000E+01,0.0000000000E+00
1449276000,8.1968371818E+00,1.0173038335E+03,9.9900000000E+01,0.0000000000E+00
1449277200,8.2468386371E+00,1.0173960911E+03,9.9900000000E+01,0.0000000000E+00
1449278400,8.3811954182E+00,1.0171027705E+03,9.9900000000E+01,0.0000000000E+00
1449279600,8.4500390174E+00,1.0163078233E+03,9.9900000000E+01,0.0000000000E+00
1449280800,8.5530744529E+00,1.0164987666E+03,9.9900000000E+01,0.0000000000E+00
1449282000,8.6593231092E+00,1.0160020680E+03,9.9900000000E+01,0.0000000000E+00
1449283200,8.7249087609E+00,1.0158006987E+03,9.9900000000E+01,0.0000000000E+00
1449284400,8.6906836643E+00,1.0156000000E+03,9.9900000000E+01,0.0000000000E+00
1449285600,8.6437436835E+00,1.0153007061E+03,9.9900000000E+01,0.0000000000E+00
1449286800,8.6937873721E+00,1.0157940799E+03,9.9900000000E+01,0.0000000000E+00
1449288000,8.6719557961E+00,1.0155058342E+03,9.9900000000E+01,0.0000000000E+00
1449289200,8.6686434218E+00,1.0148036762E+03,9.9900000000E+01,0.0000000000E+00
1449290400,8.8031178374E+00,1.0148006389E+03,9.9900000000E+01,0.0000000000E+00
1449291600,8.8343427217E+00,1.0143006349E+03,9.8007778190E+01,0.0000000000E+00
1449292800,8.8687872905E+00,1.0145007938E+03,9.7606458601E+01,0.0000000000E+00
1449294000,8.8406264161E+00,1.0145000000E+03,9.7503894995E+01,0.0000000000E+00
1449295200,8.7969470180E+00,1.0139012557E+03,9.7898714865E+01,0.0000000000E+00
1449296400,8.7093800098E+00,1.0137978152E+03,9.9487834467E+01,0.0000000000E+00
1449297600,8.7874241992E+00,1.0138984813E+03,9.8106316323E+01,0.0000000000E+00
1449298800,8.8874958374E+00,1.0138000000E+03,9.7503636199E+01,1.9757586733E+00
1449300000,8.9562514102E+00,1.0139981397E+03,9.7800000000E+01,6.9809894100E+00
1449301200,8.8844485723E+00,1.0134013317E+03,9.9294228748E+01,5.3725865530E+01
1449302400,8.7000410583E+00,1.0129023022E+03,9.9694176798E+01,4.6069878420E+01
1449303600,8.6187201292E+00,1.0131031713E+03,9.8803199314E+01,9.2712061740E+01
1449304800,8.6530759342E+00,1.0128079334E+03,9.6818436521E+01,1.1432399423E+02
1449306000,8.6500853459E+00,1.0126978167E+03,9.5005527911E+01,1.0566832535E+02
1449307200,8.6000454861E+00,1.0124000000E+03,9.4004210521E+01,2.2427368507E+02
1449308400,8.4594544397E+00,1.0122012583E+03,9.4491815336E+01,1.9974081897E+02
1449309600,8.3843296107E+00,1.0121006664E+03,9.3905450189E+01,1.2991143442E+02
1449310800,8.4937678081E+00,1.0116988760E+03,9.2106846554E+01,2.1876037061E+02
1449312000,8.5406137599E+00,1.0115006843E+03,9.0902207018E+01,1.5534576615E+02
1449313200,8.3814692144E+00,1.0110037739E+03,9.9857746067E+01,1.2395390480E+02
1449314400,8.1999126178E+00,1.0105084373E+03,9.9900000000E+01,1.1494347159E+02
1449315600,8.3718766148E+00,1.0108000000E+03,9.5737205461E+01,1.2281997358E+02
1449316800,8.4375000000E+00,1.0107992909E+03,9.3506505674E+01,1.1101445705E+02
1449318000,8.3781828066E+00,1.0107031099E+03,9.3390586271E+01,1.2468620903E+02
1449319200,8.2001570619E+00,1.0105992580E+03,9.8765562834E+01,1.2306406915E+02
1449320400,7.9000824902E+00,1.0104010737E+03,9.9900000000E+01,9.2206651093E+01
1449321600,7.9343654520E+00,1.0103989451E+03,9.9900000000E+01,7.9235156900E+01
1449322800,7.9562191731E+00,1.0103000000E+03,9.9900000000E+01,5.0035343980E+01
1449324000,7.9185965766E+00,1.0100030582E+03,9.9900000000E+01,2.6077158983E+01
1449325200,8.2655076674E+00,1.0100000000E+03,9.9900000000E+01,1.2094001120E+01
1449326400,8.3936938834E+00,1.0100000000E+03,9.4930481540E+01,4.0406420533E+00
1449327600,8.4280711484E+00,1.0098993581E+03,9.2807211204E+01,1.9666920000E-02
1449328800,8.4812430176E+00,1.0097000000E+03,9.0506875794E+01,0.0000000000E+00
1449330000,8.4999529032E+00,1.0096006303E+03,9.0700680846E+01,0.0000000000E+00
1449331200,8.3751615372E+00,1.0096006657E+03,9.4866055650E+01,0.0000000000E+00
1449332400,8.3187697210E+00,1.0095029397E+03,9.4483678953E+01,0.0000000000E+00
1449333600,8.4467606243E+00,1.0096000000E+03,8.8736509345E+01,0.0000000000E+00
1449334800,8.6467940610E+00,1.0094010643E+03,8.4312941326E+01,0.0000000000E+00
1449336000,8.6905921864E+00,1.0093970320E+03,8.1414979503E+01,0.0000000000E+00
1449337200,8.6844387826E+00,1.0094010824E+03,8.0690849457E+01,0.0000000000E+00
1449338400,8.6250000000E+00,1.0093006513E+03,8.0303323740E+01,0.0000000000E+00
1449339600,8.5657072655E+00,1.0093000000E+03,7.9798906762E+01,0.0000000000E+00
1449340800,8.5187542337E+00,1.0090044780E+03,7.9198453296E+01,0.0000000000E+00
1449342000,8.5468320615E+00,1.0089000000E+03,7.8001293886E+01,0.0000000000E+00
1449343200,8.4718691836E+00,1.0090967068E+03,7.6413346000E+01,0.0000000000E+00
1449344400,8.4250558655E+00,1.0087015817E+03,7.5510983470E+01,0.0000000000E+00
1449345600,8.3156330155E+00,1.0088000000E+03,7.5398521754E+01,0.0000000000E+00
1449346800,8.3062309999E+00,1.0086988740E+03,7.5304559594E+01,0.0000000000E+00
1449348000,8.3718564081E+00,1.0088000000E+03,7.4704676939E+01,0.0000000000E+00
1449349200,8.3437248096E+00,1.0086986926E+03,7.5095329635E+01,0.0000000000E+00
1449350400,8.2687848081E+00,1.0081042622E+03,7.5105400189E+01,0.0000000000E+00
1449351600,8.2436721764E+00,1.0081030930E+03,7.3512841736E+01,0.0000000000E+00
1449352800,8.3655501751E+00,1.0079000000E+03,7.1619068855E+01,0.0000000000E+00
1449354000,8.5062610930E+00,1.0075006937E+03,6.9504949919E+01,0.0000000000E+00
1449355200,8.5843114253E+00,1.0075976401E+03,6.8404833547E+01,0.0000000000E+00
1449356400,8.5906828305E+00,1.0078000000E+03,6.8300674153E+01,0.0000000000E+00
1449357600,8.5750215196E+00,1.0075016163E+03,6.8898369742E+01,0.0000000000E+00
1449358800,8.5656203323E+00,1.0073000000E+03,6.7206039174E+01,0.0000000000E+00
1449360000,8.5031428280E+00,1.0074969584E+03,6.7889256204E+01,0.0000000000E+00
1449361200,8.4187951991E+00,1.0073032105E+03,6.9483877196E+01,0.0000000000E+00
1449362400,8.3562826454E+00,1.0073988493E+03,7.2283130987E+01,0.0000000000E+00
1449363600,8.2625599467E+00,1.0072015336E+03,7.4773688613E+01,0.0000000000E+00
1449364800,8.2094508492E+00,1.0068013845E+03,7.6090829514E+01,0.0000000000E+00
1449366000,8.1906764125E+00,1.0068015760E+03,7.6686909609E+01,0.0000000000E+00
1449367200,8.1749798306E+00,1.0068988323E+03,7.8195274045E+01,0.0000000000E+00
1449368400,8.1780219184E+00,1.0069000000E+03,7.8695366451E+01,0.0000000000E+00
1449369600,8.1625166646E+00,1.0068979839E+03,8.0668876928E+01,0.0000000000E+00
1449370800,8.0843828062E+00,1.0067014561E+03,8.3095552200E+01,0.0000000000E+00
1449372000,8.1624399568E+00,1.0065000000E+03,8.2803125725E+01,0.0000000000E+00
1449373200,8.2155970861E+00,1.0064007623E+03,8.3898361850E+01,0.0000000000E+00
1449374400,8.2812246208E+00,1.0067976348E+03,8.4301620710E+01,0.0000000000E+00
1449375600,8.3061635069E+00,1.0065024915E+03,8.5100000000E+01,0.0000000000E+00
1449376800,8.3530648790E+00,1.0065000000E+03,8.6202059022E+01,0.0000000000E+00
1449378000,8.4094276744E+00,1.0063011376E+03,8.7095393644E+01,0.0000000000E+00
1449379200,8.4000860283E+00,1.0065988323E+03,8.8289364041E+01,0.0000000000E+00
1449380400,8.4405971041E+00,1.0067000000E+03,8.8796335348E+01,0.0000000000E+00
1449381600,8.4593972150E+00,1.0065000000E+03,8.9196524035E+01,0.0000000000E+00
1449382800,8.5030539404E+00,1.0065992700E+03,9.0091081338E+01,0.0000000000E+00
1449384000,8.6030127229E+00,1.0068007594E+03,9.0104086807E+01,0.0000000000E+00
1449385200,8.6874605193E+00,1.0068000000E+03,9.1395571228E+01,0.0000000000E+00
1449386400,8.8436239547E+00,1.0071964463E+03,9.1001198615E+01,5.9640415600E+00
1449387600,8.9375519109E+00,1.0071000000E+03,9.1401179045E+01,1.5941047767E+01
1449388800,8.9905392187E+00,1.0073016092E+03,9.1103246647E+01,3.3886367343E+01
1449390000,8.9468535718E+00,1.0075988815E+03,9.1696601977E+01,4.9886732583E+01
1449391200,8.9187757938E+00,1.0076964275E+03,9.2788745203E+01,4.9899957360E+01
1449392400,8.9031048528E+00,1.0076992307E+03,9.3596869789E+01,6.5007825528E+01
1449393600,8.9811881967E+00,1.0076036134E+03,9.3390897113E+01,1.1352664985E+02
1449394800,8.9157140496E+00,1.0075000000E+03,9.9771033519E+01,1.4069293695E+02
1449396000,8.6562776632E+00,1.0074007295E+03,9.9900000000E+01,1.1397028618E+02
1449397200,8.7780803767E+00,1.0075963379E+03,9.9900000000E+01,1.1598154918E+02
1449398400,8.8937351194E+00,1.0074000000E+03,9.9900000000E+01,1.8185383847E+02
1449399600,8.9437205162E+00,1.0074040453E+03,9.9900000000E+01,1.3334624702E+02
1449400800,8.9781017482E+00,1.0074022458E+03,9.9900000000E+01,1.1715819673E+02
1449402000,8.9811969338E+00,1.0074983428E+03,9.9900000000E+01,1.3879409664E+02
1449403200,9.0030775021E+00,1.0073978064E+03,9.9900000000E+01,1.5485843410E+02
1449404400,9.0998942771E+00,1.0071000000E+03,9.9900000000E+01,1.8813625351E+02
1449405600,9.1873198828E+00,1.0072952755E+03,9.9900000000E+01,1.7391660212E+02
1449406800,9.1750091830E+00,1.0069024935E+03,9.9900000000E+01,1.0603783969E+02
1449408000,9.2061744307E+00,1.0070000000E+03,9.9900000000E+01,8.0210706167E+01
1449409200,9.3718398094E+00,1.0071000000E+03,9.9007630967E+01,5.2118703923E+01
1449410400,9.4624770685E+00,1.0072000000E+03,9.8501611603E+01,3.1096696180E+01
1449411600,9.4874287715E+00,1.0071988564E+03,9.9290736011E+01,1.1104219880E+01
1449412800,9.4625463092E+00,1.0073000000E+03,9.9900000000E+01,4.0495915033E+00
1449414000,9.3470433657E+00,1.0073988619E+03,9.9900000000E+01,2.3048693333E-02
1449415200,9.2499454825E+00,1.0074968536E+03,9.9900000000E+01,0.0000000000E+00
1449416400,9.4248751080E+00,1.0077925842E+03,9.9900000000E+01,0.0000000000E+00
1449417600,9.5249426718E+00,1.0076000000E+03,9.9900000000E+01,0.0000000000E+00
1449418800,9.6343324735E+00,1.0077984438E+03,9.9900000000E+01,0.0000000000E+00
1449420000,9.8124107713E+00,1.0077031960E+03,9.9900000000E+01,0.0000000000E+00
1449421200,9.8968534155E+00,1.0078976360E+03,9.9900000000E+01,0.0000000000E+00
1449422400,9.8407441783E+00,1.0079992139E+03,9.9900000000E+01,0.0000000000E+00
1449423600,9.5999851926E+00,1.0082983864E+03,9.9900000000E+01,0.0000000000E+00
1449424800,9.5905930080E+00,1.0083992409E+03,9.9900000000E+01,0.0000000000E+00
1449426000,9.5844379713E+00,1.0088969324E+03,9.9900000000E+01,0.0000000000E+00
1449427200,9.5999779598E+00,1.0092937785E+03,9.9900000000E+01,0.0000000000E+00
1449428400,9.6874151449E+00,1.0094976400E+03,9.9900000000E+01,0.0000000000E+00
1449429600,9.7780848893E+00,1.0105977300E+03,9.9900000000E+01,0.0000000000E+00
1449430800,9.7500158812E+00,1.0110951419E+03,9.9900000000E+01,0.0000000000E+00
1449432000,9.4847328961E+00,1.0117968534E+03,9.9900000000E+01,0.0000000000E+00
1449433200,8.8689781135E+00,1.0123967519E+03,9.9900000000E+01,0.0000000000E+00
1449434400,8.6533050996E+00,1.0127963104E+03,9.9900000000E+01,0.0000000000E+00
1449435600,8.3782026220E+00,1.0133967140E+03,9.9900000000E+01,0.0000000000E+00
1449436800,8.2874480859E+00,1.0138975421E+03,9.9900000000E+01,0.0000000000E+00
1449438000,8.0782382235E+00,1.0141987229E+03,9.9900000000E+01,0.0000000000E+00
1449439200,7.9626035089E+00,1.0145008264E+03,9.9900000000E+01,0.0000000000E+00
1449440400,7.8312596798E+00,1.0150962572E+03,9.9900000000E+01,0.0000000000E+00
1449441600,7.8656572621E+00,1.0155983492E+03,9.9900000000E+01,0.0000000000E+00
1449442800,7.8686371176E+00,1.0157000000E+03,9.9900000000E+01,0.0000000000E+00
1449444000,7.9500610385E+00,1.0158975298E+03,9.9900000000E+01,0.0000000000E+00
1449445200,7.6471293679E+00,1.0164923671E+03,9.9900000000E+01,0.0000000000E+00
1449446400,7.5500355673E+00,1.0171974632E+03,9.9900000000E+01,0.0000000000E+00
1449447600,7.5000420186E+00,1.0175983375E+03,9.9900000000E+01,0.0000000000E+00
1449448800,7.4032315821E+00,1.0178987045E+03,9.9900000000E+01,0.0000000000E+00
1449450000,7.2968352240E+00,1.0181987283E+03,9.9900000000E+01,0.0000000000E+00
1449451200,7.2656210264E+00,1.0184975279E+03,9.9900000000E+01,0.0000000000E+00
1449452400,7.1813205263E+00,1.0189974327E+03,9.9900000000E+01,0.0000000000E+00
1449453600,7.1344723169E+00,1.0193974302E+03,9.9900000000E+01,0.0000000000E+00
1449454800,6.9626457372E+00,1.0197987401E+03,9.9900000000E+01,0.0000000000E+00
1449456000,6.8750859101E+00,1.0200960514E+03,9.9900000000E+01,0.0000000000E+00
1449457200,6.7721007015E+00,1.0202012465E+03,9.9900000000E+01,0.0000000000E+00
1449458400,6.7125622421E+00,1.0202008516E+03,9.9900000000E+01,0.0000000000E+00
1449459600,6.6500417673E+00,1.0208936989E+03,9.9900000000E+01,0.0000000000E+00
1449460800,6.5968153411E+00,1.0213966434E+03,9.9900000000E+01,0.0000000000E+00
1449462000,6.5938156870E+00,1.0216974908E+03,9.9900000000E+01,0.0000000000E+00
1449463200,6.5905473288E+00,1.0217982371E+03,9.9900000000E+01,0.0000000000E+00
1449464400,6.6063367967E+00,1.0221986980E+03,9.9900000000E+01,0.0000000000E+00
1449465600,6.5750613440E+00,1.0226973043E+03,9.9900000000E+01,0.0000000000E+00
1449466800,6.5968467694E+00,1.0232949703E+03,9.9900000000E+01,0.0000000000E+00
1449468000,6.6032010295E+00,1.0235986718E+03,9.9900000000E+01,0.0000000000E+00
1449469200,6.6030446265E+00,1.0238973966E+03,9.9900000000E+01,0.0000000000E+00
1449470400,6.6999300087E+00,1.0243990780E+03,9.9900000000E+01,2.9703695950E+00
1449471600,6.6593374842E+00,1.0247965069E+03,9.9900000000E+01,4.5436556160E+01
1449472800,6.5281043886E+00,1.0252969549E+03,9.9900000000E+01,2.0385655274E+02
1449474000,6.5156329142E+00,1.0254959352E+03,9.9900000000E+01,7.0930133071E+02
1449475200,6.6684853899E+00,1.0257986046E+03,9.9900000000E+01,4.9282292157E+03
1449476400,6.5937690430E+00,1.0262982576E+03,9.9900000000E+01,1.6320747863E+04
1449477600,6.8121114396E+00,1.0264972437E+03,9.9900000000E+01,2.4489564057E+04
1449478800,7.0156312502E+00,1.0268000000E+03,9.9900000000E+01,3.4080283306E+04
1449480000,7.0810509986E+00,1.0269982511E+03,9.4228553045E+01,3.4421335122E+04
1449481200,7.3625141403E+00,1.0274987282E+03,7.6802512108E+01,4.1903006460E+04
1449482400,7.4967783825E+00,1.0276000000E+03,7.3906383732E+01,4.0060466706E+04
1449483600,7.6219182466E+00,1.0280982138E+03,6.8736008267E+01,3.1082495535E+04
1449484800,7.6719023230E+00,1.0283967245E+03,6.7200000000E+01,3.9371842212E+04
1449486000,7.6468367704E+00,1.0285000000E+03,6.8784931475E+01,3.2576777275E+04
1449487200,7.4658029681E+00,1.0286968978E+03,7.2376520330E+01,2.8422630084E+04
1449488400,7.5217995160E+00,1.0287991910E+03,7.4005225300E+01,2.5118186776E+04
1449489600,7.4937781393E+00,1.0288008888E+03,7.5786467187E+01,3.9749442634E+04
1449490800,7.7062172095E+00,1.0288991624E+03,7.1117912587E+01,9.7470416994E+03
1449492000,7.7999915364E+00,1.0291992047E+03,6.9008513043E+01,3.5499892086E+03
1449493200,7.6690101477E+00,1.0288036542E+03,7.0400927799E+01,2.4924534368E+03
1449494400,7.6091080993E+00,1.0292000000E+03,7.4984645327E+01,1.9721011657E+03
1449495600,7.6972438216E+00,1.0293982775E+03,7.4305349690E+01,1.0914703417E+03
1449496800,7.3252868382E+00,1.0295988044E+03,7.8869676621E+01,4.7509837784E+02
1449498000,7.1407462735E+00,1.0300983642E+03,8.4452153089E+01,2.8210542864E+02
1449499200,6.9718624455E+00,1.0301983206E+03,8.5893052266E+01,7.4215853450E+01
1449500400,6.7719657551E+00,1.0303983689E+03,8.9186735200E+01,1.2190681500E+01
1449501600,6.3814387498E+00,1.0306961625E+03,9.4459793393E+01,6.4849366667E-02
1449502800,6.3157229279E+00,1.0307974911E+03,9.9885573760E+01,0.0000000000E+00
1449504000,6.1593465502E+00,1.0309950957E+03,9.9900000000E+01,0.0000000000E+00
1449505200,6.1219647604E+00,1.0311000000E+03,9.9900000000E+01,0.0000000000E+00
1449506400,5.8876239771E+00,1.0313021758E+03,9.9900000000E+01,0.0000000000E+00
1449507600,5.7812886659E+00,1.0315000000E+03,9.9900000000E+01,0.0000000000E+00
1449508800,5.5064301990E+00,1.0318012396E+03,9.9900000000E+01,0.0000000000E+00
1449510000,4.8628971246E+00,1.0318043241E+03,9.9900000000E+01,0.0000000000E+00
1449511200,4.4843823347E+00,1.0322000000E+03,9.9900000000E+01,0.0000000000E+00
1449512400,4.2125524347E+00,1.0322000000E+03,9.9900000000E+01,0.0000000000E+00
1449513600,4.0782353131E+00,1.0324939917E+03,9.9900000000E+01,0.0000000000E+00
1449514800,4.0188465593E+00,1.0325000000E+03,9.9900000000E+01,0.0000000000E+00
1449516000,3.9249810604E+00,1.0325008294E+03,9.9900000000E+01,0.0000000000E+00
1449517200,3.9312746704E+00,1.0327970134E+03,9.9900000000E+01,0.0000000000E+00
1449518400,3.6439047532E+00,1.0329992683E+03,9.9900000000E+01,0.0000000000E+00
1449519600,3.5312475586E+00,1.0331000000E+03,9.9900000000E+01,0.0000000000E+00
1449520800,3.2313746136E+00,1.0334948653E+03,9.9900000000E+01,0.0000000000E+00
1449522000,3.1749710335E+00,1.0335007286E+03,9.9900000000E+01,0.0000000000E+00
1449523200,3.3905026522E+00,1.0337000000E+03,9.9900000000E+01,0.0000000000E+00
1449524400,3.8748949218E+00,1.0337993440E+03,9.9900000000E+01,0.0000000000E+00
1449525600,3.6595181649E+00,1.0337000000E+03,9.9900000000E+01,0.0000000000E+00
1449526800,3.3595153461E+00,1.0337000000E+03,9.9900000000E+01,0.0000000000E+00
1449528000,3.1436649452E+00,1.0338000000E+03,9.9900000000E+01,0.0000000000E+00
1449529200,3.5187914760E+00,1.0338986361E+03,9.9900000000E+01,0.0000000000E+00
1449530400,3.4811426913E+00,1.0338025794E+03,9.9900000000E+01,0.0000000000E+00
1449531600,3.5874513455E+00,1.0338987643E+03,9.9900000000E+01,0.0000000000E+00
1449532800,3.0970005872E+00,1.0339000000E+03,9.9900000000E+01,0.0000000000E+00
1449534000,2.9561657230E+00,1.0339000000E+03,9.9900000000E+01,0.0000000000E+00
1449535200,2.8466645839E+00,1.0336006177E+03,9.9900000000E+01,0.0000000000E+00
1449536400,2.9252810098E+00,1.0335017284E+03,9.9900000000E+01,0.0000000000E+00
1449537600,2.4719987411E+00,1.0333019595E+03,9.9900000000E+01,0.0000000000E+00
1449538800,2.4340941648E+00,1.0332992436E+03,9.9900000000E+01,0.0000000000E+00
1449540000,3.1060841208E+00,1.0332015005E+03,9.9900000000E+01,0.0000000000E+00
1449541200,3.4592710918E+00,1.0330000000E+03,9.9900000000E+01,0.0000000000E+00
1449542400,3.8404840447E+00,1.0328987947E+03,9.9900000000E+01,0.0000000000E+00
1449543600,4.2778293822E+00,1.0329020950E+03,9.9900000000E+01,0.0000000000E+00
1449544800,4.6562265334E+00,1.0327006903E+03,9.9900000000E+01,0.0000000000E+00
1449546000,4.7341823413E+00,1.0323007329E+03,9.9900000000E+01,0.0000000000E+00
1449547200,4.9343669103E+00,1.0321007053E+03,9.9900000000E+01,0.0000000000E+00
1449548400,5.1280472579E+00,1.0320000000E+03,9.9900000000E+01,0.0000000000E+00
1449549600,5.1937339960E+00,1.0319014610E+03,9.9900000000E+01,0.0000000000E+00
1449550800,5.3060707356E+00,1.0319992953E+03,9.9900000000E+01,0.0000000000E+00
1449552000,5.4905851187E+00,1.0320010818E+03,9.9900000000E+01,0.0000000000E+00
1449553200,5.6904571761E+00,1.0319000000E+03,9.9900000000E+01,0.0000000000E+00
1449554400,5.9404933265E+00,1.0318000000E+03,9.9900000000E+01,0.0000000000E+00
1449555600,6.1218848619E+00,1.0318000000E+03,9.9900000000E+01,0.0000000000E+00
1449556800,6.1249447472E+00,1.0315015541E+03,9.9900000000E+01,0.0000000000E+00
1449558000,6.1375027447E+00,1.0313006600E+03,9.9900000000E+01,1.9865246600E+00
1449559200,6.2062398270E+00,1.0312993301E+03,9.9900000000E+01,1.1965832550E+01
1449560400,6.3124695158E+00,1.0312007156E+03,9.9900000000E+01,4.9783249060E+01
1449561600,6.3531504410E+00,1.0312015089E+03,9.9900000000E+01,7.9832399967E+01
1449562800,6.4374678949E+00,1.0311010378E+03,9.9900000000E+01,9.5852816343E+01
1449564000,6.5343127648E+00,1.0311028228E+03,9.9900000000E+01,9.4000000000E+01
1449565200,6.6935796157E+00,1.0309018745E+03,9.9900000000E+01,3.8763805526E+02
1449566400,6.9374263962E+00,1.0308007074E+03,9.9900000000E+01,2.2303607239E+02
1449567600,7.1342943759E+00,1.0306007662E+03,9.9900000000E+01,2.3212254375E+02
1449568800,7.4061382076E+00,1.0304007195E+03,9.9900000000E+01,3.3646175640E+02
1449570000,7.6437846683E+00,1.0303976827E+03,9.9900000000E+01,2.4255957264E+02
1449571200,7.8125034423E+00,1.0300013568E+03,9.9900000000E+01,2.8148849577E+02
1449572400,7.9312383596E+00,1.0297007206E+03,9.9900000000E+01,3.0729368307E+02
1449573600,7.9812176914E+00,1.0294027805E+03,9.9900000000E+01,2.8387236782E+02
1449574800,7.9875048690E+00,1.0292993007E+03,9.9900000000E+01,2.0354791622E+02
1449576000,7.9625665613E+00,1.0289029588E+03,9.9900000000E+01,3.1043312143E+02
1449577200,8.0218736493E+00,1.0287006491E+03,9.9900000000E+01,4.2160900090E+02
1449578400,8.1061259154E+00,1.0286013900E+03,9.9900000000E+01,3.4884372858E+02
1449579600,8.1968771714E+00,1.0284000000E+03,9.9900000000E+01,3.0529968755E+02
1449580800,8.1563360186E+00,1.0280012894E+03,9.9900000000E+01,2.9712500128E+02
1449582000,8.0469558249E+00,1.0278000000E+03,9.9900000000E+01,1.9632803496E+02
1449583200,7.8750303073E+00,1.0275020176E+03,9.9900000000E+01,1.3577203067E+02
1449584400,7.7969818227E+00,1.0274021734E+03,9.9900000000E+01,1.0017653312E+02
1449585600,7.7062227406E+00,1.0272000000E+03,9.9900000000E+01,2.3251572942E+01
1449586800,7.6718363742E+00,1.0272000000E+03,9.9900000000E+01,2.0315715800E+00
1449588000,7.6312548517E+00,1.0268021633E+03,9.9900000000E+01,0.0000000000E+00
1449589200,7.6405908080E+00,1.0266015037E+03,9.9900000000E+01,0.0000000000E+00
1449590400,7.6905907089E+00,1.0265019816E+03,9.9900000000E+01,0.0000000000E+00
1449591600,7.7031244449E+00,1.0262007156E+03,9.9900000000E+01,0.0000000000E+00
1449592800,7.7623847080E+00,1.0262000000E+03,9.9900000000E+01,0.0000000000E+00
1449594000,7.8093571080E+00,1.0260021764E+03,9.9900000000E+01,0.0000000000E+00
1449595200,7.8311923951E+00,1.0257006979E+03,9.9900000000E+01,0.0000000000E+00
1449596400,7.8749292802E+00,1.0255992838E+03,9.9900000000E+01,0.0000000000E+00
1449597600,7.9875121106E+00,1.0256000000E+03,9.9900000000E+01,0.0000000000E+00
1449598800,8.0468186370E+00,1.0253030556E+03,9.9900000000E+01,0.0000000000E+00
1449600000,8.0500475779E+00,1.0252000000E+03,9.9900000000E+01,0.0000000000E+00
1449601200,8.0000000000E+00,1.0250024481E+03,9.9900000000E+01,0.0000000000E+00
1449602400,7.9812473720E+00,1.0247024202E+03,9.9900000000E+01,0.0000000000E+00
1449603600,7.8562908307E+00,1.0245010667E+03,9.9900000000E+01,0.0000000000E+00
1449604800,7.7157379987E+00,1.0244988295E+03,9.9900000000E+01,0.0000000000E+00
1449606000,7.6156165210E+00,1.0244000000E+03,9.9900000000E+01,0.0000000000E+00
1449607200,7.4938556315E+00,1.0242006795E+03,9.9900000000E+01,0.0000000000E+00
1449608400,7.4313068115E+00,1.0240968483E+03,9.9900000000E+01,0.0000000000E+00
1449609600,7.2938759496E+00,1.0239006810E+03,9.9900000000E+01,0.0000000000E+00
1449610800,7.0876956491E+00,1.0237014818E+03,9.9900000000E+01,0.0000000000E+00
1449612000,7.0312544447E+00,1.0236024070E+03,9.9900000000E+01,0.0000000000E+00
1449613200,6.9000762435E+00,1.0234006083E+03,9.9900000000E+01,0.0000000000E+00
1449614400,6.7876662787E+00,1.0234000000E+03,9.9900000000E+01,0.0000000000E+00
1449615600,6.6124570011E+00,1.0231027280E+03,9.9900000000E+01,0.0000000000E+00
1449616800,6.6093467757E+00,1.0230011109E+03,9.9900000000E+01,0.0000000000E+00
1449618000,6.7875755592E+00,1.0227014446E+03,9.9900000000E+01,0.0000000000E+00
1449619200,6.7468709073E+00,1.0225024616E+03,9.9900000000E+01,0.0000000000E+00
1449620400,6.9811942402E+00,1.0223016122E+03,9.9900000000E+01,0.0000000000E+00
1449621600,7.0092113986E+00,1.0220007527E+03,9.9900000000E+01,0.0000000000E+00
1449622800,6.9937225226E+00,1.0220016740E+03,9.9900000000E+01,0.0000000000E+00
1449624000,6.8815632689E+00,1.0219000000E+03,9.9900000000E+01,0.0000000000E+00
1449625200,6.9156405154E+00,1.0220000000E+03,9.9900000000E+01,0.0000000000E+00
1449626400,6.9344100891E+00,1.0219000000E+03,9.9900000000E+01,0.0000000000E+00
1449627600,6.9937539591E+00,1.0217006523E+03,9.9900000000E+01,0.0000000000E+00
1449628800,7.1875557681E+00,1.0216014987E+03,9.9900000000E+01,0.0000000000E+00
1449630000,7.2281566865E+00,1.0214018034E+03,9.9900000000E+01,0.0000000000E+00
1449631200,7.3468950476E+00,1.0213989103E+03,9.9900000000E+01,0.0000000000E+00
1449632400,7.3811542321E+00,1.0213000000E+03,9.9900000000E+01,0.0000000000E+00
1449633600,7.4812417544E+00,1.0212000000E+03,9.9900000000E+01,0.0000000000E+00
1449634800,7.4781400296E+00,1.0212980823E+03,9.9900000000E+01,0.0000000000E+00
1449636000,7.6155537945E+00,1.0214000000E+03,9.9900000000E+01,0.0000000000E+00
1449637200,7.8748227371E+00,1.0214000000E+03,9.9900000000E+01,0.0000000000E+00
1449638400,8.1092934417E+00,1.0214007173E+03,9.9900000000E+01,0.0000000000E+00
1449639600,8.1937116853E+00,1.0215015426E+03,9.9900000000E+01,0.0000000000E+00
1449640800,8.2280301698E+00,1.0216988186E+03,9.9900000000E+01,0.0000000000E+00
1449642000,8.2968356364E+00,1.0217011220E+03,9.9900000000E+01,0.0000000000E+00
1449643200,8.2719137428E+00,1.0220988435E+03,9.9900000000E+01,0.0000000000E+00
1449644400,8.2563068650E+00,1.0222000000E+03,9.9900000000E+01,2.9530552100E+00
1449645600,8.2468363812E+00,1.0225975745E+03,9.9900000000E+01,1.2926808270E+01
1449646800,8.1500023865E+00,1.0227986521E+03,9.9900000000E+01,8.8672248575E+01
1449648000,8.0936640017E+00,1.0229980585E+03,9.9900000000E+01,4.0446025299E+02
1449649200,7.9719198211E+00,1.0231977417E+03,9.9900000000E+01,5.9047415644E+02
1449650400,7.8968475103E+00,1.0233993672E+03,9.9900000000E+01,1.4071106682E+03
1449651600,7.9873876269E+00,1.0235978754E+03,9.9900000000E+01,3.6168784666E+02
1449652800,8.0436781413E+00,1.0237000000E+03,9.9900000000E+01,5.1899273341E+02
1449654000,8.0750288447E+00,1.0238985994E+03,9.9900000000E+01,6.2750306693E+02
1449655200,7.9968575754E+00,1.0241000000E+03,9.9900000000E+01,3.2347591887E+03
1449656400,7.9250375634E+00,1.0243000000E+03,9.9900000000E+01,1.2935407913E+04
1449657600,8.0500294675E+00,1.0244980384E+03,9.9900000000E+01,8.8120908863E+03
1449658800,7.8844582139E+00,1.0245000000E+03,9.9900000000E+01,1.1701604944E+03
1449660000,7.9843480186E+00,1.0248986663E+03,9.9900000000E+01,4.4200556549E+02
1449661200,7.9842969096E+00,1.0250000000E+03,9.9900000000E+01,3.6611569927E+02
1449662400,8.0750203034E+00,1.0253985433E+03,9.9900000000E+01,3.4695549978E+02
1449663600,8.0594564576E+00,1.0255000000E+03,9.9900000000E+01,2.1353074526E+03
1449664800,8.0216839126E+00,1.0255988942E+03,9.9900000000E+01,3.6350362113E+03
1449666000,8.2500014764E+00,1.0259970578E+03,9.9900000000E+01,1.9674943466E+03
1449667200,8.2062857652E+00,1.0261027859E+03,9.9900000000E+01,1.6920771671E+03
1449668400,8.1033041055E+00,1.0261984635E+03,9.9900000000E+01,1.1575324818E+03
1449669600,7.7875338265E+00,1.0263980195E+03,9.9900000000E+01,6.5936780024E+02
1449670800,7.5876019658E+00,1.0264987036E+03,9.9900000000E+01,2.8606571294E+02
1449672000,7.3564234297E+00,1.0266000000E+03,9.9900000000E+01,9.6834709750E+01
1449673200,7.0751533938E+00,1.0269969000E+03,9.9900000000E+01,1.5437876087E+01
1449674400,7.0220735334E+00,1.0271979347E+03,9.9900000000E+01,6.2852430000E-02
1449675600,6.8843928272E+00,1.0272987759E+03,9.9900000000E+01,0.0000000000E+00
1449676800,6.8219581219E+00,1.0273989066E+03,9.9900000000E+01,0.0000000000E+00
1449678000,6.7093724138E+00,1.0276015575E+03,9.9900000000E+01,0.0000000000E+00
1449679200,6.4626760103E+00,1.0278981417E+03,9.9900000000E+01,0.0000000000E+00
1449680400,6.4594596836E+00,1.0278010932E+03,9.9900000000E+01,0.0000000000E+00
1449681600,6.4687968120E+00,1.0281917174E+03,9.9900000000E+01,0.0000000000E+00
1449682800,6.2531990065E+00,1.0281981053E+03,9.9900000000E+01,0.0000000000E+00
1449684000,6.1186781023E+00,1.0281978744E+03,9.9900000000E+01,0.0000000000E+00
1449685200,6.0500507784E+00,1.0282012043E+03,9.9900000000E+01,0.0000000000E+00
1449686400,5.8749370285E+00,1.0282980705E+03,9.9900000000E+01,0.0000000000E+00
1449687600,5.8499599385E+00,1.0284985019E+03,9.9900000000E+01,0.0000000000E+00
1449688800,5.7376841719E+00,1.0286000000E+03,9.9900000000E+01,0.0000000000E+00
1449690000,5.7468846428E+00,1.0285992960E+03,9.9900000000E+01,0.0000000000E+00
1449691200,5.6374571283E+00,1.0286000000E+03,9.9900000000E+01,0.0000000000E+00
1449692400,5.7157101139E+00,1.0284012028E+03,9.9900000000E+01,0.0000000000E+00
1449693600,5.6408478540E+00,1.0283017001E+03,9.9900000000E+01,0.0000000000E+00
1449694800,5.7468593857E+00,1.0281011438E+03,9.9900000000E+01,0.0000000000E+00
1449696000,5.7814290323E+00,1.0280021036E+03,9.9900000000E+01,0.0000000000E+00
1449697200,5.9091260321E+00,1.0280000000E+03,9.9900000000E+01,0.0000000000E+00
1449698400,6.1967709535E+00,1.0279000000E+03,9.9900000000E+01,0.0000000000E+00
1449699600,6.3093828712E+00,1.0276054902E+03,9.9900000000E+01,0.0000000000E+00
1449700800,6.2499914853E+00,1.0275010748E+03,9.9900000000E+01,0.0000000000E+00
1449702000,6.1406604018E+00,1.0275000000E+03,9.9900000000E+01,0.0000000000E+00
1449703200,6.0312789337E+00,1.0275000000E+03,9.9900000000E+01,0.0000000000E+00
1449704400,6.0062567758E+00,1.0274007755E+03,9.9900000000E+01,0.0000000000E+00
1449705600,5.8968783982E+00,1.0271015229E+03,9.9900000000E+01,0.0000000000E+00
1449706800,5.9093556814E+00,1.0270014349E+03,9.9900000000E+01,0.0000000000E+00
1449708000,6.0999032270E+00,1.0271000000E+03,9.9900000000E+01,0.0000000000E+00
1449709200,6.2812538529E+00,1.0270015145E+03,9.9900000000E+01,0.0000000000E+00
1449710400,6.3749763581E+00,1.0268985174E+03,9.9900000000E+01,0.0000000000E+00
1449711600,6.3687646803E+00,1.0265045179E+03,9.9900000000E+01,0.0000000000E+00
1449712800,6.3469721927E+00,1.0263992836E+03,9.9900000000E+01,0.0000000000E+00
1449714000,6.3312998305E+00,1.0261007021E+03,9.9900000000E+01,0.0000000000E+00
1449715200,6.3311543780E+00,1.0262985070E+03,9.9900000000E+01,0.0000000000E+00
1449716400,6.3780204375E+00,1.0261000000E+03,9.9900000000E+01,0.0000000000E+00
1449717600,6.4312646891E+00,1.0255034518E+03,9.9900000000E+01,0.0000000000E+00
1449718800,6.3001724002E+00,1.0248045880E+03,9.9900000000E+01,0.0000000000E+00
1449720000,6.1656579682E+00,1.0248000000E+03,9.9900000000E+01,0.0000000000E+00
1449721200,6.2717159100E+00,1.0250993242E+03,9.9900000000E+01,0.0000000000E+00
1449722400,6.5498751603E+00,1.0248013479E+03,9.9900000000E+01,0.0000000000E+00
1449723600,6.6999543474E+00,1.0245992822E+03,9.9900000000E+01,0.0000000000E+00
1449724800,6.7218989614E+00,1.0246985386E+03,9.9900000000E+01,0.0000000000E+00
1449726000,6.7343068401E+00,1.0247010845E+03,9.9900000000E+01,0.0000000000E+00
1449727200,6.7124701864E+00,1.0243000000E+03,9.9900000000E+01,0.0000000000E+00
1449728400,6.6843581348E+00,1.0241011902E+03,9.9900000000E+01,0.0000000000E+00
1449729600,6.5624956159E+00,1.0239000000E+03,9.9900000000E+01,0.0000000000E+00
1449730800,6.4844862229E+00,1.0237989135E+03,9.9900000000E+01,0.0000000000E+00
1449732000,6.3562460099E+00,1.0236006074E+03,9.9900000000E+01,9.9564535600E+00
1449733200,6.4280967461E+00,1.0237000000E+03,9.9900000000E+01,2.0926992270E+01
1449734400,6.4625374890E+00,1.0236038508E+03,9.9900000000E+01,5.3612211600E+01
1449735600,6.4843642522E+00,1.0236000000E+03,9.9900000000E+01,9.7377662133E+01
1449736800,6.4781328884E+00,1.0234022498E+03,9.9900000000E+01,9.5130098650E+01
1449738000,6.5531221159E+00,1.0234006135E+03,9.9900000000E+01,8.4106565350E+01
1449739200,6.6811313383E+00,1.0233000000E+03,9.9900000000E+01,2.1121235596E+02
1449740400,6.6654759433E+00,1.0231000000E+03,9.9900000000E+01,2.9815041430E+02
1449741600,6.7906529974E+00,1.0230011010E+03,9.9900000000E+01,1.7730462507E+02
1449742800,6.7342717637E+00,1.0229000000E+03,9.9900000000E+01,1.9405745722E+02
1449744000,6.8624651991E+00,1.0227006834E+03,9.9900000000E+01,1.9993270076E+02
1449745200,6.7719847827E+00,1.0223023345E+03,9.9900000000E+01,4.4784996423E+02
1449746400,6.8187067225E+00,1.0222000000E+03,9.9900000000E+01,3.5943822973E+02
1449747600,6.8500522902E+00,1.0220000000E+03,9.9900000000E+01,2.8170559703E+02
1449748800,6.5969129908E+00,1.0219019760E+03,9.9900000000E+01,3.3961212120E+02
1449750000,6.5749990866E+00,1.0219988654E+03,9.9900000000E+01,1.7642496985E+02
1449751200,6.5187374839E+00,1.0217014712E+03,9.9900000000E+01,1.5127008399E+02
1449752400,6.4812124606E+00,1.0216006090E+03,9.9900000000E+01,9.5205429675E+01
1449753600,6.4968563154E+00,1.0214020000E+03,9.9900000000E+01,7.3088415015E+01
1449754800,6.4905645134E+00,1.0213000000E+03,9.9900000000E+01,5.2186377360E+01
1449756000,6.5405870584E+00,1.0211038994E+03,9.9900000000E+01,2.9157113200E+01
1449757200,6.5781041731E+00,1.0208013764E+03,9.9900000000E+01,1.3021229600E+01
1449758400,6.5876032518E+00,1.0208979982E+03,9.9900000000E+01,3.0825325400E+00
1449759600,6.4563346098E+00,1.0207000000E+03,9.9900000000E+01,2.9093140000E-02
1449760800,6.4124640353E+00,1.0206011375E+03,9.9900000000E+01,0.0000000000E+00
1449762000,6.3375452517E+00,1.0203011680E+03,9.9900000000E+01,0.0000000000E+00
1449763200,6.3000812452E+00,1.0201000000E+03,9.9900000000E+01,0.0000000000E+00
1449764400,6.3249178099E+00,1.0199014252E+03,9.9900000000E+01,0.0000000000E+00
1449765600,6.3905697795E+00,1.0198000000E+03,9.9900000000E+01,0.0000000000E+00
1449766800,6.3812265311E+00,1.0197000000E+03,9.9900000000E+01,0.0000000000E+00
1449768000,6.4468035189E+00,1.0197000000E+03,9.9900000000E+01,0.0000000000E+00
1449769200,6.5594162666E+00,1.0194007362E+03,9.9900000000E+01,0.0000000000E+00
1449770400,6.5968690540E+00,1.0192000000E+03,9.9900000000E+01,0.0000000000E+00
1449771600,6.5001360886E+00,1.0190007098E+03,9.9900000000E+01,0.0000000000E+00
1449772800,6.2594842522E+00,1.0186013901E+03,9.9900000000E+01,0.0000000000E+00
1449774000,6.2998628804E+00,1.0184015247E+03,9.9900000000E+01,0.0000000000E+00
1449775200,6.3343478179E+00,1.0184000000E+03,9.9900000000E+01,0.0000000000E+00
1449776400,6.2188927397E+00,1.0183011648E+03,9.9900000000E+01,0.0000000000E+00
1449777600,6.1593637526E+00,1.0181020075E+03,9.9900000000E+01,0.0000000000E+00
1449778800,6.2717912610E+00,1.0181000000E+03,9.9900000000E+01,0.0000000000E+00
1449780000,6.3812351331E+00,1.0179984932E+03,9.9900000000E+01,0.0000000000E+00
1449781200,6.3531564719E+00,1.0177006192E+03,9.9900000000E+01,0.0000000000E+00
1449782400,6.3688703867E+00,1.0174006308E+03,9.9900000000E+01,0.0000000000E+00
1449783600,6.3157394941E+00,1.0173000000E+03,9.9900000000E+01,0.0000000000E+00
1449784800,6.2562280293E+00,1.0172000000E+03,9.9900000000E+01,0.0000000000E+00
1449786000,6.3311160082E+00,1.0172000000E+03,9.9900000000E+01,0.0000000000E+00
1449787200,6.2968555583E+00,1.0167022312E+03,9.9900000000E+01,0.0000000000E+00
1449788400,6.2469093859E+00,1.0165000000E+03,9.9900000000E+01,0.0000000000E+00
1449789600,6.2250126193E+00,1.0164010989E+03,9.9900000000E+01,0.0000000000E+00
1449790800,6.2531087340E+00,1.0162014752E+03,9.9900000000E+01,0.0000000000E+00
1449792000,6.2593807177E+00,1.0159023647E+03,9.9900000000E+01,0.0000000000E+00
1449793200,6.1376235713E+00,1.0156038772E+03,9.9900000000E+01,0.0000000000E+00
1449794400,6.0750706578E+00,1.0155021782E+03,9.9900000000E+01,0.0000000000E+00
1449795600,5.9218943364E+00,1.0152010686E+03,9.9900000000E+01,0.0000000000E+00
1449796800,5.8406314249E+00,1.0149018701E+03,9.9900000000E+01,0.0000000000E+00
1449798000,5.7906526256E+00,1.0149023939E+03,9.9900000000E+01,0.0000000000E+00
1449799200,5.8843204548E+00,1.0145028128E+03,9.9900000000E+01,0.0000000000E+00
1449800400,5.9000513679E+00,1.0144000000E+03,9.9900000000E+01,0.0000000000E+00
1449801600,5.8812739202E+00,1.0141006300E+03,9.9900000000E+01,0.0000000000E+00
1449802800,5.7874342101E+00,1.0138021193E+03,9.9900000000E+01,0.0000000000E+00
1449804000,5.7938453018E+00,1.0138989168E+03,9.9900000000E+01,0.0000000000E+00
1449805200,5.8281203866E+00,1.0133034108E+03,9.9900000000E+01,0.0000000000E+00
1449806400,5.8906676778E+00,1.0134000000E+03,9.9900000000E+01,0.0000000000E+00
1449807600,5.8595628059E+00,1.0135993152E+03,9.9900000000E+01,0.0000000000E+00
1449808800,5.9094034273E+00,1.0134007205E+03,9.9900000000E+01,0.0000000000E+00
1449810000,5.9187949446E+00,1.0134014739E+03,9.9900000000E+01,0.0000000000E+00
1449811200,5.9124374269E+00,1.0135000000E+03,9.9900000000E+01,0.0000000000E+00
1449812400,5.9654942776E+00,1.0134011223E+03,9.9900000000E+01,0.0000000000E+00
1449813600,5.9781820915E+00,1.0134000000E+03,9.9900000000E+01,0.0000000000E+00
1449814800,6.0093745317E+00,1.0132000000E+03,9.9900000000E+01,0.0000000000E+00
1449816000,6.0247490919E+00,1.0133000000E+03,9.9900000000E+01,0.0000000000E+00
1449817200,6.1062969442E+00,1.0131985372E+03,9.9900000000E+01,0.0000000000E+00
1449818400,6.1031753110E+00,1.0130006700E+03,9.9900000000E+01,6.9726588867E+00
1449819600,6.1906708208E+00,1.0129015397E+03,9.9900000000E+01,2.1807206780E+01
1449820800,6.2719571978E+00,1.0128014758E+03,9.9900000000E+01,3.8925505325E+01
1449822000,6.2186700104E+00,1.0128000000E+03,9.9900000000E+01,8.6746348875E+01
1449823200,6.3062793736E+00,1.0126000000E+03,9.9900000000E+01,9.7147833910E+01
1449824400,6.3936369363E+00,1.0123007284E+03,9.9900000000E+01,2.0135468301E+02
1449825600,6.4562209797E+00,1.0121000000E+03,9.9900000000E+01,4.3635841834E+02
1449826800,6.4812080780E+00,1.0117021463E+03,9.9900000000E+01,4.0062963104E+02
1449828000,6.5874905045E+00,1.0116011090E+03,9.9900000000E+01,3.2987612565E+02
1449829200,6.5500389851E+00,1.0112030801E+03,9.9900000000E+01,5.2689628952E+02
1449830400,6.5688791980E+00,1.0110022223E+03,9.9900000000E+01,4.9030636593E+02
1449831600,6.5468909995E+00,1.0106010495E+03,9.9900000000E+01,3.5914731656E+02
1449832800,6.5406047353E+00,1.0105000000E+03,9.9900000000E+01,7.6743062021E+02
1449834000,6.6905476807E+00,1.0101032027E+03,9.9900000000E+01,2.7770750005E+02
1449835200,6.5251126552E+00,1.0096012792E+03,9.9900000000E+01,2.0985514115E+02
1449836400,6.3439475264E+00,1.0091051873E+03,9.9900000000E+01,1.9962493096E+02
1449837600,6.2843890756E+00,1.0088007224E+03,9.9900000000E+01,1.0702330486E+02
1449838800,6.0222712509E+00,1.0093948704E+03,9.9900000000E+01,7.2954084573E+01
1449840000,4.3503118139E+00,1.0082104322E+03,9.9900000000E+01,1.4102196396E+02
1449841200,4.7030927345E+00,1.0085987095E+03,9.9900000000E+01,4.8307571405E+02
1449842400,4.7872397742E+00,1.0085988892E+03,9.9900000000E+01,3.4845139405E+02
1449843600,4.9622847222E+00,1.0084000000E+03,9.9900000000E+01,8.9701912800E+01
1449844800,5.0594038054E+00,1.0082000000E+03,9.9900000000E+01,4.9919552333E+01
1449846000,4.9281278992E+00,1.0081010985E+03,9.9900000000E+01,9.2224073333E+00
1449847200,4.9187362072E+00,1.0080011021E+03,9.9900000000E+01,3.3471455000E-02
1449848400,5.2841723260E+00,1.0077010987E+03,9.9900000000E+01,0.0000000000E+00
1449849600,5.3251218083E+00,1.0079000000E+03,9.9900000000E+01,0.0000000000E+00
1449850800,5.1749802295E+00,1.0078000000E+03,9.9900000000E+01,0.0000000000E+00
1449852000,5.1155936063E+00,1.0078000000E+03,9.9900000000E+01,0.0000000000E+00
1449853200,5.2936623885E+00,1.0078000000E+03,9.9900000000E+01,0.0000000000E+00
1449854400,5.2873547771E+00,1.0078000000E+03,9.9900000000E+01,0.0000000000E+00
1449855600,5.2967877471E+00,1.0079992799E+03,9.9900000000E+01,0.0000000000E+00
1449856800,5.2095913417E+00,1.0080989375E+03,9.9900000000E+01,0.0000000000E+00
1449858000,4.9875020682E+00,1.0080988421E+03,9.9900000000E+01,0.0000000000E+00
1449859200,4.8158632728E+00,1.0079000000E+03,9.9900000000E+01,0.0000000000E+00
1449860400,4.4969105631E+00,1.0080989260E+03,9.9900000000E+01,0.0000000000E+00
1449861600,4.4658130322E+00,1.0079010371E+03,9.9900000000E+01,0.0000000000E+00
1449862800,4.3718566951E+00,1.0079000000E+03,9.9900000000E+01,0.0000000000E+00
1449864000,4.3937026241E+00,1.0079989205E+03,9.9900000000E+01,0.0000000000E+00
1449865200,4.4625558630E+00,1.0080000000E+03,9.9900000000E+01,0.0000000000E+00
1449866400,4.4281182334E+00,1.0080000000E+03,9.9900000000E+01,0.0000000000E+00
1449867600,4.3687144484E+00,1.0080011222E+03,9.9900000000E+01,0.0000000000E+00
1449868800,4.3938491029E+00,1.0080010612E+03,9.9900000000E+01,0.0000000000E+00
1449870000,4.4186699734E+00,1.0079007088E+03,9.9900000000E+01,0.0000000000E+00
1449871200,4.3345504380E+00,1.0079000000E+03,9.9900000000E+01,0.0000000000E+00
1449872400,4.0655676608E+00,1.0078006384E+03,9.9900000000E+01,0.0000000000E+00
1449873600,3.9345026301E+00,1.0078993195E+03,9.9900000000E+01,0.0000000000E+00
1449874800,4.0998975730E+00,1.0079000000E+03,9.9900000000E+01,0.0000000000E+00
1449876000,4.1091149737E+00,1.0079000000E+03,9.9900000000E+01,0.0000000000E+00
1449877200,4.2217606968E+00,1.0078010630E+03,9.9900000000E+01,0.0000000000E+00
1449878400,4.3374963156E+00,1.0075006086E+03,9.9900000000E+01,0.0000000000E+00
1449879600,4.3968793604E+00,1.0074980558E+03,9.9900000000E+01,0.0000000000E+00
1449880800,4.3562883699E+00,1.0075000000E+03,9.9900000000E+01,0.0000000000E+00
1449882000,4.2781317056E+00,1.0075000000E+03,9.9900000000E+01,0.0000000000E+00
1449883200,4.2187742671E+00,1.0076000000E+03,9.9900000000E+01,0.0000000000E+00
1449884400,4.1031161763E+00,1.0075000000E+03,9.9900000000E+01,0.0000000000E+00
1449885600,4.1063470509E+00,1.0075022288E+03,9.9900000000E+01,0.0000000000E+00
1449886800,4.1468542485E+00,1.0075000000E+03,9.9900000000E+01,0.0000000000E+00
1449888000,4.1967974552E+00,1.0075000000E+03,9.9900000000E+01,0.0000000000E+00
1449889200,4.2469206810E+00,1.0076005968E+03,9.9900000000E+01,0.0000000000E+00
1449890400,4.1001359030E+00,1.0077011627E+03,9.9900000000E+01,0.0000000000E+00
1449891600,3.9532519807E+00,1.0079965471E+03,9.9900000000E+01,0.0000000000E+00
1449892800,3.8719051469E+00,1.0077000000E+03,9.9900000000E+01,0.0000000000E+00
1449894000,4.0248847890E+00,1.0079988975E+03,9.9900000000E+01,0.0000000000E+00
1449895200,4.1061939057E+00,1.0081000000E+03,9.9900000000E+01,0.0000000000E+00
1449896400,4.1874529398E+00,1.0082989285E+03,9.9900000000E+01,0.0000000000E+00
1449897600,4.3593255122E+00,1.0083989462E+03,9.9900000000E+01,0.0000000000E+00
1449898800,4.5469771532E+00,1.0084989332E+03,9.9900000000E+01,0.0000000000E+00
1449900000,4.4000515510E+00,1.0085993852E+03,9.9900000000E+01,0.0000000000E+00
1449901200,4.3936647918E+00,1.0086989470E+03,9.9900000000E+01,0.0000000000E+00
1449902400,4.2750867040E+00,1.0088981424E+03,9.9900000000E+01,1.9863883133E+00
1449903600,4.1843061585E+00,1.0091988380E+03,9.9900000000E+01,8.9647191700E+00
1449904800,4.2375924228E+00,1.0093000000E+03,9.9900000000E+01,4.7874286298E+01
1449906000,4.4091879563E+00,1.0093993328E+03,9.9900000000E+01,4.7192776174E+02
1449907200,4.2811947982E+00,1.0096993124E+03,9.9900000000E+01,9.3615110312E+02
1449908400,4.5749086149E+00,1.0098986888E+03,9.9900000000E+01,1.1263214204E+04
1449909600,4.5716229911E+00,1.0099989362E+03,9.9900000000E+01,2.1977005602E+04
1449910800,4.9186392855E+00,1.0101992764E+03,9.9900000000E+01,3.2130234676E+04
1449912000,5.1435564987E+00,1.0102992863E+03,9.9900000000E+01,3.9888799357E+04
1449913200,5.4342249799E+00,1.0106000000E+03,9.9900000000E+01,4.3187366688E+04
1449914400,5.5028807636E+00,1.0106993623E+03,9.9900000000E+01,4.0018843162E+04
1449915600,5.8312489190E+00,1.0108981348E+03,9.9800946327E+01,4.0044950548E+04
1449916800,6.0718407277E+00,1.0110000000E+03,8.8341653696E+01,4.0000000000E+04
1449918000,6.0874541781E+00,1.0110993107E+03,8.9490860454E+01,3.9892814217E+04
1449919200,6.2249056455E+00,1.0112985815E+03,8.7909398526E+01,4.0000000000E+04
1449920400,6.3124636669E+00,1.0114000000E+03,8.6013246366E+01,3.9759683031E+04
1449921600,6.3999344349E+00,1.0115000000E+03,8.2714407963E+01,4.3736376098E+04
1449922800,6.3530509526E+00,1.0115993537E+03,8.0409956573E+01,3.3794948558E+04
1449924000,6.4372574435E+00,1.0116000000E+03,8.2593449609E+01,3.3137337226E+03
1449925200,6.4844737175E+00,1.0117000000E+03,8.3476118680E+01,1.9994633061E+03
1449926400,6.3842798744E+00,1.0119989073E+03,7.9381182981E+01,2.2591438949E+03
1449927600,6.5062486008E+00,1.0120989083E+03,7.9501153319E+01,8.6811460617E+02
1449928800,6.0002609770E+00,1.0121000000E+03,8.6055173907E+01,4.4509561986E+02
1449930000,5.6407526628E+00,1.0123989209E+03,9.4260644620E+01,2.0419159345E+02
1449931200,5.4311463098E+00,1.0124985315E+03,9.9864803303E+01,6.0872265965E+01
1449932400,5.3470529680E+00,1.0125000000E+03,9.9900000000E+01,8.1193489817E+00
1449933600,5.3093575208E+00,1.0124984657E+03,9.9900000000E+01,3.0965670000E-02
1449934800,5.2811291076E+00,1.0125992680E+03,9.9900000000E+01,0.0000000000E+00
1449936000,5.1625687143E+00,1.0126977885E+03,9.9900000000E+01,0.0000000000E+00
1449937200,5.0563889046E+00,1.0126011282E+03,9.9900000000E+01,0.0000000000E+00
1449938400,4.9626639794E+00,1.0126000000E+03,9.9900000000E+01,0.0000000000E+00
1449939600,4.7844192472E+00,1.0126993217E+03,9.9900000000E+01,0.0000000000E+00
1449940800,4.9155676989E+00,1.0125009880E+03,9.9900000000E+01,0.0000000000E+00
1449942000,5.0719569413E+00,1.0126000000E+03,9.9900000000E+01,0.0000000000E+00
1449943200,5.0188021887E+00,1.0127000000E+03,9.9900000000E+01,0.0000000000E+00
1449944400,4.8656850120E+00,1.0125022516E+03,9.9900000000E+01,0.0000000000E+00
1449945600,4.9032754470E+00,1.0125000000E+03,9.9900000000E+01,0.0000000000E+00
1449946800,4.8187731672E+00,1.0123029408E+03,9.9900000000E+01,0.0000000000E+00
1449948000,4.9720309954E+00,1.0122006574E+03,9.9900000000E+01,0.0000000000E+00
1449949200,4.9501815407E+00,1.0121007210E+03,9.9900000000E+01,0.0000000000E+00
1449950400,4.9498540495E+00,1.0118012798E+03,9.9900000000E+01,0.0000000000E+00
1449951600,4.8875209692E+00,1.0117011234E+03,9.9900000000E+01,0.0000000000E+00
1449952800,5.0124335117E+00,1.0114022546E+03,9.9900000000E+01,0.0000000000E+00
1449954000,5.2029892196E+00,1.0111015097E+03,9.9900000000E+01,0.0000000000E+00
1449955200,5.0968592721E+00,1.0111000000E+03,9.9900000000E+01,0.0000000000E+00
1449956400,5.2687503505E+00,1.0108011931E+03,9.9900000000E+01,0.0000000000E+00
1449957600,4.9033366574E+00,1.0105039656E+03,9.9900000000E+01,0.0000000000E+00
1449958800,4.4407244348E+00,1.0104000000E+03,9.9900000000E+01,0.0000000000E+00
1449960000,4.4281545765E+00,1.0099038107E+03,9.9900000000E+01,0.0000000000E+00
1449961200,4.5873712255E+00,1.0096010639E+03,9.9900000000E+01,0.0000000000E+00
1449962400,4.4689543915E+00,1.0093031313E+03,9.9900000000E+01,0.0000000000E+00
1449963600,4.4406698566E+00,1.0088012900E+03,9.9900000000E+01,0.0000000000E+00
1449964800,4.5123816248E+00,1.0083022614E+03,9.9900000000E+01,0.0000000000E+00
1449966000,4.5188133985E+00,1.0080006837E+03,9.9900000000E+01,0.0000000000E+00
1449967200,4.5782374322E+00,1.0079010983E+03,9.9900000000E+01,0.0000000000E+00
1449968400,3.8910914778E+00,1.0078988804E+03,9.9900000000E+01,0.0000000000E+00
1449969600,3.5280599856E+00,1.0077000000E+03,9.9900000000E+01,0.0000000000E+00
1449970800,3.3689836179E+00,1.0073020456E+03,9.9900000000E+01,0.0000000000E+00
1449972000,3.2842946857E+00,1.0069021830E+03,9.9900000000E+01,0.0000000000E+00
1449973200,3.1314685093E+00,1.0063018367E+03,9.9900000000E+01,0.0000000000E+00
1449974400,3.0249746121E+00,1.0060029466E+03,9.9900000000E+01,0.0000000000E+00
1449975600,2.8970836157E+00,1.0056032601E+03,9.9900000000E+01,0.0000000000E+00
1449976800,2.5063356923E+00,1.0053047201E+03,9.9900000000E+01,0.0000000000E+00
1449978000,2.3344565381E+00,1.0051013663E+03,9.9900000000E+01,0.0000000000E+00
1449979200,2.1438182512E+00,1.0051000000E+03,9.9900000000E+01,0.0000000000E+00
1449980400,2.0688161718E+00,1.0048011070E+03,9.9900000000E+01,0.0000000000E+00
1449981600,2.1374082671E+00,1.0048000000E+03,9.9900000000E+01,0.0000000000E+00
1449982800,2.1844140817E+00,1.0050000000E+03,9.9900000000E+01,0.0000000000E+00
1449984000,2.1405985933E+00,1.0051985003E+03,9.9900000000E+01,0.0000000000E+00
1449985200,2.2404870277E+00,1.0053978179E+03,9.9900000000E+01,0.0000000000E+00
1449986400,2.3593025990E+00,1.0057980797E+03,9.9900000000E+01,0.0000000000E+00
1449987600,2.6029356833E+00,1.0060000000E+03,9.9900000000E+01,0.0000000000E+00
1449988800,2.7686996322E+00,1.0063987439E+03,9.9900000000E+01,0.0000000000E+00
1449990000,2.6594391419E+00,1.0067966722E+03,9.9900000000E+01,2.9662926850E+00
1449991200,2.5594844229E+00,1.0070961379E+03,9.9900000000E+01,5.5124793200E+01
1449992400,2.4656165489E+00,1.0077978693E+03,9.9900000000E+01,1.8857043324E+02
1449993600,2.4313010150E+00,1.0080978345E+03,9.9900000000E+01,5.3695119578E+02
1449994800,2.4343378654E+00,1.0082952010E+03,9.9900000000E+01,9.0179885562E+03
1449996000,2.5655026875E+00,1.0086980818E+03,9.9900000000E+01,1.9171484875E+04
1449997200,2.9654222445E+00,1.0090952798E+03,9.9900000000E+01,8.7959415393E+03
1449998400,3.3529117910E+00,1.0095987365E+03,9.9900000000E+01,2.1806874753E+04
1449999600,3.6624170129E+00,1.0099968463E+03,9.9900000000E+01,3.9432453756E+04
1450000800,3.9654075196E+00,1.0103987306E+03,9.9900000000E+01,1.6339427931E+04
1450002000,4.4716709018E+00,1.0106986044E+03,9.9900000000E+01,3.5931912364E+03
1450003200,4.5436818465E+00,1.0107992787E+03,9.9900000000E+01,6.6281349744E+03
1450004400,4.9185951014E+00,1.0110000000E+03,9.9900000000E+01,2.2278280646E+03
1450005600,5.3873200419E+00,1.0112992667E+03,9.9900000000E+01,4.0000000000E+04
1450006800,5.5843182411E+00,1.0114992905E+03,9.9900000000E+01,1.0909042971E+04
1450008000,5.4814245008E+00,1.0116993627E+03,9.9900000000E+01,1.7991325837E+03
1450009200,5.5406356227E+00,1.0120980965E+03,9.9900000000E+01,1.8009306160E+04
1450010400,5.6000554259E+00,1.0123000000E+03,9.9900000000E+01,1.8098421646E+03
1450011600,5.6000399953E+00,1.0124988838E+03,9.9900000000E+01,2.2486133473E+03
1450012800,5.7532578102E+00,1.0127978098E+03,9.9900000000E+01,7.4596601792E+02
1450014000,5.4406897588E+00,1.0129993396E+03,9.9900000000E+01,5.5912007480E+02
1450015200,5.0970229860E+00,1.0134966091E+03,9.9900000000E+01,1.5449524617E+02
1450016400,4.8313220030E+00,1.0137987665E+03,9.9900000000E+01,1.1900630125E+02
1450017600,4.5876243286E+00,1.0141993509E+03,9.9900000000E+01,3.9070300683E+01
1450018800,4.1877094135E+00,1.0147970393E+03,9.9900000000E+01,1.0158272660E+01
1450020000,3.8064850696E+00,1.0150993515E+03,9.9900000000E+01,1.9877620000E-02
1450021200,3.4189095752E+00,1.0153992380E+03,9.9900000000E+01,0.0000000000E+00
1450022400,3.1281940478E+00,1.0158969666E+03,9.9900000000E+01,0.0000000000E+00
1450023600,2.8502413824E+00,1.0160992924E+03,9.9900000000E+01,0.0000000000E+00
1450024800,2.5876803877E+00,1.0165987295E+03,9.9900000000E+01,0.0000000000E+00
1450026000,2.3844009081E+00,1.0169985040E+03,9.9900000000E+01,0.0000000000E+00
1450027200,2.0532582348E+00,1.0174987494E+03,9.9900000000E+01,0.0000000000E+00
1450028400,1.7094978694E+00,1.0178984590E+03,9.9900000000E+01,0.0000000000E+00
1450029600,1.4844891840E+00,1.0181980503E+03,9.9900000000E+01,0.0000000000E+00
1450030800,1.2033206278E+00,1.0184977631E+03,9.9900000000E+01,0.0000000000E+00
1450032000,9.5323588844E-01,1.0188000000E+03,9.9900000000E+01,0.0000000000E+00
1450033200,8.3122008792E-01,1.0189993257E+03,9.9900000000E+01,0.0000000000E+00
1450034400,7.3751336031E-01,1.0193953423E+03,9.9900000000E+01,0.0000000000E+00
1450035600,5.7808770724E-01,1.0196986917E+03,9.9900000000E+01,0.0000000000E+00
1450036800,4.7818887672E-01,1.0200000000E+03,9.9900000000E+01,0.0000000000E+00
1450038000,3.0629519219E-01,1.0201993152E+03,9.9900000000E+01,0.0000000000E+00
1450039200,4.6554332974E-01,1.0203000000E+03,9.9900000000E+01,0.0000000000E+00
1450040400,4.3756482464E-01,1.0205993339E+03,9.9900000000E+01,0.0000000000E+00
1450041600,3.7813837526E-01,1.0209993296E+03,9.9900000000E+01,0.0000000000E+00
1450042800,2.0325596859E-01,1.0211988118E+03,9.9900000000E+01,0.0000000000E+00
1450044000,5.6377804792E-02,1.0212010913E+03,9.9900000000E+01,0.0000000000E+00
1450045200,5.3062036250E-02,1.0212000000E+03,9.9900000000E+01,0.0000000000E+00
1450046400,-7.1909999740E-02,1.0216980238E+03,9.9900000000E+01,0.0000000000E+00
1450047600,-2.1555254396E-01,1.0217000000E+03,9.9900000000E+01,0.0000000000E+00
1450048800,-4.8435818339E-01,1.0219989593E+03,9.9900000000E+01,0.0000000000E+00
1450050000,-5.1874305667E-01,1.0221980043E+03,9.9900000000E+01,0.0000000000E+00
1450051200,-5.0303028052E-01,1.0223027462E+03,9.9900000000E+01,0.0000000000E+00
1450052400,-5.9678213849E-01,1.0223993430E+03,9.9900000000E+01,0.0000000000E+00
1450053600,-6.2814068609E-01,1.0225992809E+03,9.9900000000E+01,0.0000000000E+00
1450054800,-8.9333404531E-01,1.0226993785E+03,9.9900000000E+01,0.0000000000E+00
1450056000,-1.0313137197E+00,1.0226989581E+03,9.9900000000E+01,0.0000000000E+00
1450057200,-1.0279816662E+00,1.0228000000E+03,9.9900000000E+01,0.0000000000E+00
1450058400,-1.3874539476E+00,1.0229000000E+03,9.9900000000E+01,0.0000000000E+00
1450059600,-1.4966895890E+00,1.0228006637E+03,9.9900000000E+01,0.0000000000E+00
1450060800,-1.4032673028E+00,1.0229000000E+03,9.9900000000E+01,0.0000000000E+00
1450062000,-1.3497495219E+00,1.0228007253E+03,9.9900000000E+01,0.0000000000E+00
1450063200,-1.4906695905E+00,1.0228994068E+03,9.9900000000E+01,0.0000000000E+00
1450064400,-1.4312313440E+00,1.0227000000E+03,9.9900000000E+01,0.0000000000E+00
1450065600,-1.4093683180E+00,1.0227000000E+03,9.9900000000E+01,0.0000000000E+00
1450066800,-1.4249869119E+00,1.0227993125E+03,9.9900000000E+01,0.0000000000E+00
1450068000,-1.5717530533E+00,1.0228000000E+03,9.9900000000E+01,0.0000000000E+00
1450069200,-1.8936433573E+00,1.0229992625E+03,9.9900000000E+01,0.0000000000E+00
1450070400,-1.9782220884E+00,1.0231993735E+03,9.9900000000E+01,0.0000000000E+00
1450071600,-1.8000672729E+00,1.0229010623E+03,9.9900000000E+01,0.0000000000E+00
1450072800,-1.7657551960E+00,1.0230982867E+03,9.9900000000E+01,0.0000000000E+00
1450074000,-1.4409203242E+00,1.0231000000E+03,9.9900000000E+01,0.0000000000E+00
1450075200,-1.2404701704E+00,1.0233000000E+03,9.9900000000E+01,0.0000000000E+00
1450076400,-1.3532953685E+00,1.0233009085E+03,9.9900000000E+01,4.9723032800E+00
1450077600,-5.8126438740E-01,1.0234993602E+03,9.9900000000E+01,4.2849496127E+01
1450078800,-7.9378293333E-01,1.0235000000E+03,8.3630779352E+01,2.0913975656E+02
1450080000,-5.7828119974E-01,1.0235985756E+03,8.1101438610E+01,2.9314386102E+02
1450081200,-4.7815611198E-01,1.0236000000E+03,7.8534804447E+01,3.7500583863E+02
1450082400,-2.9071425063E-01,1.0235000000E+03,8.2662755621E+01,4.9980213924E+02
1450083600,1.7788083599E-01,1.0235990606E+03,9.1356128083E+01,6.8201622635E+02
1450084800,6.2174643057E-01,1.0236000000E+03,9.0605766597E+01,7.4630728836E+02
1450086000,9.1859120760E-01,1.0236007152E+03,9.1302333096E+01,2.7380545510E+03
1450087200,1.0313299161E+00,1.0236989583E+03,9.2189392090E+01,5.2819849124E+03
1450088400,1.2718179968E+00,1.0236015236E+03,9.3081546826E+01,6.6619326263E+03
1450089600,1.5748781412E+00,1.0236000000E+03,9.3584079685E+01,4.9844796516E+03
1450090800,1.7718871855E+00,1.0235000000E+03,9.3197340587E+01,1.5505980637E+03
1450092000,1.7499739740E+00,1.0234010666E+03,9.7770839568E+01,3.5173291456E+02
1450093200,1.8280310953E+00,1.0233019907E+03,9.9900000000E+01,5.6951032812E+02
1450094400,2.0655262603E+00,1.0231011263E+03,9.9900000000E+01,5.2396578726E+02
1450095600,2.2842574908E+00,1.0230023260E+03,9.9900000000E+01,1.6959901797E+03
1450096800,2.3906399850E+00,1.0229980136E+03,9.9900000000E+01,8.3093625527E+02
1450098000,2.5687404681E+00,1.0228988733E+03,9.9900000000E+01,4.6422053687E+02
1450099200,2.6156106442E+00,1.0228000000E+03,9.9900000000E+01,5.0904495116E+02
1450100400,2.5373987920E+00,1.0227014899E+03,9.9900000000E+01,3.4809287171E+02
1450101600,2.4408148580E+00,1.0226007082E+03,9.9900000000E+01,2.2887006844E+02
1450102800,2.3626346666E+00,1.0226000000E+03,9.9900000000E+01,9.0370048800E+01
1450104000,2.2657519886E+00,1.0226976003E+03,9.9900000000E+01,2.2344839040E+01
1450105200,2.2343186488E+00,1.0227993766E+03,9.9900000000E+01,2.0254923467E+00
1450106400,2.3155702551E+00,1.0228000000E+03,9.9900000000E+01,0.0000000000E+00
1450107600,2.3406486568E+00,1.0228000000E+03,9.9900000000E+01,0.0000000000E+00
1450108800,2.3623915383E+00,1.0227000000E+03,9.9900000000E+01,0.0000000000E+00
1450110000,2.5030290492E+00,1.0225010701E+03,9.9900000000E+01,0.0000000000E+00
1450111200,2.5687865191E+00,1.0224006998E+03,9.9900000000E+01,0.0000000000E+00
1450112400,2.5718496381E+00,1.0225000000E+03,9.9900000000E+01,0.0000000000E+00
1450113600,2.6125571685E+00,1.0225000000E+03,9.9900000000E+01,0.0000000000E+00
1450114800,2.6687973056E+00,1.0224011349E+03,9.9900000000E+01,0.0000000000E+00
1450116000,2.7343058140E+00,1.0224000000E+03,9.9900000000E+01,0.0000000000E+00
1450117200,2.8029939718E+00,1.0225036026E+03,9.9900000000E+01,0.0000000000E+00
1450118400,2.9030941293E+00,1.0224010188E+03,9.9900000000E+01,0.0000000000E+00
1450119600,2.9906291923E+00,1.0224007350E+03,9.9900000000E+01,0.0000000000E+00
1450120800,3.0218450790E+00,1.0225993208E+03,9.9900000000E+01,0.0000000000E+00
1450122000,3.0406581572E+00,1.0225000000E+03,9.9900000000E+01,0.0000000000E+00
1450123200,2.9313679406E+00,1.0225980888E+03,9.9900000000E+01,0.0000000000E+00
1450124400,2.8249660201E+00,1.0225019659E+03,9.9900000000E+01,0.0000000000E+00
1450125600,2.7501857972E+00,1.0225006534E+03,9.9900000000E+01,0.0000000000E+00
1450126800,2.8437326336E+00,1.0225005982E+03,9.9900000000E+01,0.0000000000E+00
1450128000,2.7157329471E+00,1.0224000000E+03,9.9900000000E+01,0.0000000000E+00
1450129200,2.5938329554E+00,1.0225000000E+03,9.9900000000E+01,0.0000000000E+00
1450130400,2.4594569671E+00,1.0224993479E+03,9.9900000000E+01,0.0000000000E+00
1450131600,2.4126147026E+00,1.0224000000E+03,9.9900000000E+01,0.0000000000E+00
1450132800,2.4125496570E+00,1.0223000000E+03,9.9900000000E+01,0.0000000000E+00
1450134000,2.2875288858E+00,1.0222011288E+03,9.9900000000E+01,0.0000000000E+00
1450135200,2.2187955763E+00,1.0223000000E+03,9.9900000000E+01,0.0000000000E+00
1450136400,2.1968773211E+00,1.0221000000E+03,9.9900000000E+01,0.0000000000E+00
1450137600,2.1968438208E+00,1.0220000000E+03,9.9900000000E+01,0.0000000000E+00
1450138800,2.2468215699E+00,1.0219000000E+03,9.9900000000E+01,0.0000000000E+00
1450140000,2.2657004456E+00,1.0217000000E+03,9.9900000000E+01,0.0000000000E+00
1450141200,2.2968463182E+00,1.0217993297E+03,9.9900000000E+01,0.0000000000E+00
1450142400,2.3281031339E+00,1.0218000000E+03,9.9900000000E+01,0.0000000000E+00
1450143600,2.3749917020E+00,1.0219990215E+03,9.9900000000E+01,0.0000000000E+00
1450144800,2.3562740159E+00,1.0221988808E+03,9.9900000000E+01,0.0000000000E+00
1450146000,2.2500420417E+00,1.0221000000E+03,9.9900000000E+01,0.0000000000E+00
1450147200,2.2407455618E+00,1.0221000000E+03,9.9900000000E+01,0.0000000000E+00
1450148400,2.2560564038E+00,1.0219006693E+03,9.9900000000E+01,0.0000000000E+00
1450149600,2.2436842773E+00,1.0220000000E+03,9.9900000000E+01,0.0000000000E+00
1450150800,2.3685897013E+00,1.0219023223E+03,9.9900000000E+01,0.0000000000E+00
1450152000,2.3812759456E+00,1.0219989856E+03,9.9900000000E+01,0.0000000000E+00
1450153200,2.3530843379E+00,1.0220988141E+03,9.9900000000E+01,0.0000000000E+00
1450154400,2.4500169311E+00,1.0221986809E+03,9.9900000000E+01,0.0000000000E+00
1450155600,2.4843678629E+00,1.0221989935E+03,9.9900000000E+01,0.0000000000E+00
1450156800,2.4625062711E+00,1.0224987200E+03,9.9900000000E+01,0.0000000000E+00
1450158000,2.5124633906E+00,1.0227006802E+03,9.9900000000E+01,0.0000000000E+00
1450159200,2.5436987620E+00,1.0227006715E+03,9.9900000000E+01,0.0000000000E+00
1450160400,2.5093662448E+00,1.0229987429E+03,9.9900000000E+01,0.0000000000E+00
1450161600,2.5624988304E+00,1.0232000000E+03,9.9900000000E+01,0.0000000000E+00
1450162800,2.5562778655E+00,1.0232980251E+03,9.9900000000E+01,2.9402607850E+00
1450164000,2.2940200282E+00,1.0235977723E+03,9.9900000000E+01,6.1537795862E+01
1450165200,1.7814730035E+00,1.0237993343E+03,9.9900000000E+01,9.5798194387E+01
1450166400,1.8031023944E+00,1.0240987569E+03,9.9900000000E+01,7.0066738473E+02
1450167600,1.6469991441E+00,1.0243980841E+03,9.9900000000E+01,2.9340172588E+02
1450168800,1.5656272577E+00,1.0244993201E+03,9.9900000000E+01,5.1438773113E+02
1450170000,1.7842177498E+00,1.0247985600E+03,9.9900000000E+01,2.8109562973E+02
1450171200,2.1123427472E+00,1.0250978230E+03,9.9900000000E+01,3.9152924936E+02
1450172400,2.2531240033E+00,1.0252991912E+03,9.9900000000E+01,3.5806925412E+02
1450173600,2.3749499989E+00,1.0255000000E+03,9.9900000000E+01,4.5038396543E+02
1450174800,2.5811126046E+00,1.0255014829E+03,9.9900000000E+01,1.1019184375E+04
1450176000,2.8717294363E+00,1.0257977440E+03,9.9900000000E+01,1.7943978760E+03
1450177200,2.9905787002E+00,1.0257984553E+03,9.9900000000E+01,1.8714111075E+04
1450178400,3.2403791219E+00,1.0257976150E+03,9.9900000000E+01,2.9915515061E+04
1450179600,3.5157191693E+00,1.0259976011E+03,9.9900000000E+01,4.1727876647E+03
1450180800,3.7780207096E+00,1.0260993957E+03,9.9900000000E+01,3.2660133065E+03
1450182000,3.8154816233E+00,1.0261993393E+03,9.9900000000E+01,3.0090796940E+04
1450183200,3.4224483174E+00,1.0262993471E+03,9.9900000000E+01,2.5843391366E+03
1450184400,3.1312300699E+00,1.0264993748E+03,9.9900000000E+01,2.2375171395E+03
1450185600,3.2155948592E+00,1.0265978968E+03,9.9900000000E+01,1.7157085171E+03
1450186800,3.0907591561E+00,1.0267000000E+03,9.9900000000E+01,1.0097676831E+03
1450188000,2.7751510881E+00,1.0267988497E+03,9.9900000000E+01,6.6244395169E+02
1450189200,2.5906315847E+00,1.0269992955E+03,9.9900000000E+01,1.9009233761E+02
1450190400,2.5282112170E+00,1.0269015566E+03,9.9900000000E+01,8.1694815858E+01
1450191600,2.2813851169E+00,1.0271993700E+03,9.9900000000E+01,1.2148081360E+01
1450192800,2.1344071649E+00,1.0273977970E+03,9.9900000000E+01,2.2311446667E-02
1450194000,1.9001399753E+00,1.0275993484E+03,9.9900000000E+01,0.0000000000E+00
1450195200,1.6282354373E+00,1.0278000000E+03,9.9900000000E+01,0.0000000000E+00
1450196400,1.4282093889E+00,1.0279015225E+03,9.9900000000E+01,0.0000000000E+00
1450197600,1.2750214329E+00,1.0281015012E+03,9.9900000000E+01,0.0000000000E+00
1450198800,1.1063117952E+00,1.0283000000E+03,9.9900000000E+01,0.0000000000E+00
1450200000,1.0687859690E+00,1.0286979305E+03,9.9900000000E+01,0.0000000000E+00
1450201200,9.9379737781E-01,1.0286984775E+03,9.9900000000E+01,0.0000000000E+00
1450202400,1.0062882549E+00,1.0288988639E+03,9.9900000000E+01,0.0000000000E+00
1450203600,8.5004585057E-01,1.0289019520E+03,9.9900000000E+01,0.0000000000E+00
1450204800,7.4378368542E-01,1.0287000000E+03,9.9900000000E+01,0.0000000000E+00
1450206000,7.4377257438E-01,1.0288989176E+03,9.9900000000E+01,0.0000000000E+00
1450207200,5.6564060557E-01,1.0289993493E+03,9.9900000000E+01,0.0000000000E+00
1450208400,5.0312736922E-01,1.0291000000E+03,9.9900000000E+01,0.0000000000E+00
1450209600,6.1242509687E-01,1.0293976726E+03,9.9900000000E+01,0.0000000000E+00
1450210800,4.8753294104E-01,1.0295000000E+03,9.9900000000E+01,0.0000000000E+00
1450212000,4.2807241635E-01,1.0294019201E+03,9.9900000000E+01,0.0000000000E+00
1450213200,4.8439598146E-01,1.0294006949E+03,9.9900000000E+01,0.0000000000E+00
1450214400,4.5629976401E-01,1.0295000000E+03,9.9900000000E+01,0.0000000000E+00
1450215600,1.9386992417E-01,1.0296000000E+03,9.9900000000E+01,0.0000000000E+00
1450216800,3.1487321562E-02,1.0296011184E+03,9.9900000000E+01,0.0000000000E+00
1450218000,-2.2186336328E-01,1.0296988622E+03,9.9900000000E+01,0.0000000000E+00
1450219200,-1.0936716161E-01,1.0297976387E+03,9.9900000000E+01,0.0000000000E+00
1450220400,3.7314298906E-02,1.0294042130E+03,9.9900000000E+01,0.0000000000E+00
1450221600,5.9324559375E-02,1.0297000000E+03,9.9900000000E+01,0.0000000000E+00
1450222800,-1.2488709026E-01,1.0300000000E+03,9.9900000000E+01,0.0000000000E+00
1450224000,9.3263331771E-03,1.0301019263E+03,9.9900000000E+01,0.0000000000E+00
1450225200,1.8723289792E-02,1.0299019653E+03,9.9900000000E+01,0.0000000000E+00
1450226400,5.9388462083E-02,1.0298993693E+03,9.9900000000E+01,0.0000000000E+00
1450227600,5.9355586406E-02,1.0298989225E+03,9.9900000000E+01,0.0000000000E+00
1450228800,4.3692117031E-02,1.0299000000E+03,9.9900000000E+01,0.0000000000E+00
1450230000,2.2496792948E-01,1.0297007135E+03,9.9900000000E+01,0.0000000000E+00
1450231200,2.1875945432E-01,1.0293045303E+03,9.9900000000E+01,0.0000000000E+00
1450232400,8.4289823385E-02,1.0291021615E+03,9.9900000000E+01,0.0000000000E+00
1450233600,-4.0568660573E-02,1.0290000000E+03,9.9900000000E+01,0.0000000000E+00
1450234800,2.1529662448E-02,1.0289020935E+03,9.9900000000E+01,0.0000000000E+00
1450236000,5.9344401833E-01,1.0288000000E+03,9.9900000000E+01,0.0000000000E+00
1450237200,1.0279720804E+00,1.0287000000E+03,9.9900000000E+01,0.0000000000E+00
1450238400,9.7493307635E-01,1.0286015451E+03,9.9900000000E+01,0.0000000000E+00
1450239600,1.2998279949E+00,1.0285000000E+03,9.9900000000E+01,0.0000000000E+00
1450240800,1.5093526902E+00,1.0284993054E+03,9.9900000000E+01,0.0000000000E+00
1450242000,1.5842905380E+00,1.0285000000E+03,9.9900000000E+01,0.0000000000E+00
1450243200,1.6000706226E+00,1.0284000000E+03,9.9900000000E+01,0.0000000000E+00
1450244400,1.5938059594E+00,1.0282007798E+03,9.9900000000E+01,0.0000000000E+00
1450245600,1.5562664567E+00,1.0282015490E+03,9.9900000000E+01,0.0000000000E+00
1450246800,1.6186472916E+00,1.0281000000E+03,9.9900000000E+01,0.0000000000E+00
1450248000,1.6592629571E+00,1.0281000000E+03,9.9900000000E+01,0.0000000000E+00
1450249200,1.6594798912E+00,1.0279045537E+03,9.9900000000E+01,0.0000000000E+00
1450250400,1.6592265877E+00,1.0278984934E+03,9.9900000000E+01,5.9543928700E+00
1450251600,1.7843031934E+00,1.0278000000E+03,9.9900000000E+01,1.9946125935E+01
1450252800,1.8468621399E+00,1.0278015287E+03,9.9900000000E+01,4.4892030600E+01
1450254000,1.8687664400E+00,1.0278000000E+03,9.9900000000E+01,6.2946654493E+01
1450255200,1.9156054129E+00,1.0278000000E+03,9.9900000000E+01,6.7802408747E+01
1450256400,1.9563064217E+00,1.0277000000E+03,9.9900000000E+01,8.6943155792E+01
1450257600,2.1811551315E+00,1.0276014844E+03,9.9900000000E+01,1.0391009374E+02
1450258800,2.2594041732E+00,1.0274030550E+03,9.9900000000E+01,1.1684111677E+02
1450260000,2.1781242630E+00,1.0271024178E+03,9.9900000000E+01,1.4197568140E+02
1450261200,2.3092535220E+00,1.0270000000E+03,9.9900000000E+01,1.3892600010E+02
1450262400,2.3562640604E+00,1.0268011713E+03,9.9900000000E+01,1.2895015223E+02
1450263600,2.3656065654E+00,1.0265031054E+03,9.9900000000E+01,1.3100000000E+02
1450264800,2.4905412893E+00,1.0264015390E+03,9.9900000000E+01,1.5373576478E+02
1450266000,2.5438220952E+00,1.0261033279E+03,9.9900000000E+01,1.5882426527E+02
1450267200,2.5031430429E+00,1.0260007167E+03,9.9900000000E+01,1.2809492409E+02
1450268400,2.5000000000E+00,1.0258031664E+03,9.9900000000E+01,1.0736737061E+02
1450269600,2.4937139338E+00,1.0255014518E+03,9.9900000000E+01,1.2892097602E+02
1450270800,2.5156343319E+00,1.0252013562E+03,9.9900000000E+01,1.0506947512E+02
1450272000,2.5937511909E+00,1.0251000000E+03,9.9900000000E+01,7.9308298567E+01
1450273200,2.6561989644E+00,1.0249019173E+03,9.9900000000E+01,6.2376256905E+01
1450274400,2.7155525963E+00,1.0246011424E+03,9.9900000000E+01,5.5069620440E+01
1450275600,2.8156031045E+00,1.0242022846E+03,9.9900000000E+01,2.8104015925E+01
1450276800,2.9093546897E+00,1.0243000000E+03,9.9900000000E+01,7.0432024500E+00
1450278000,2.9406099242E+00,1.0242005891E+03,9.9900000000E+01,1.8074640000E-02
1450279200,3.0031073396E+00,1.0240985310E+03,9.9900000000E+01,0.0000000000E+00
1450280400,3.1031065817E+00,1.0238012993E+03,9.9900000000E+01,0.0000000000E+00
1450281600,3.2312040936E+00,1.0235014081E+03,9.9900000000E+01,0.0000000000E+00
1450282800,3.4123898004E+00,1.0232046762E+03,9.9900000000E+01,0.0000000000E+00
1450284000,3.5437216819E+00,1.0230007161E+03,9.9900000000E+01,0.0000000000E+00
1450285200,3.6500053608E+00,1.0228989590E+03,9.9900000000E+01,0.0000000000E+00
1450286400,3.7436598293E+00,1.0226992951E+03,9.9900000000E+01,0.0000000000E+00
1450287600,3.9435913645E+00,1.0226000000E+03,9.9900000000E+01,0.0000000000E+00
1450288800,4.0953123514E+00,1.0224000000E+03,9.9900000000E+01,0.0000000000E+00
1450290000,4.2125107006E+00,1.0220011371E+03,9.9900000000E+01,2.3144420000E-02
1450291200,4.2999512561E+00,1.0218020990E+03,9.9900000000E+01,0.0000000000E+00
1450292400,4.3656532556E+00,1.0218000000E+03,9.9900000000E+01,0.0000000000E+00
1450293600,4.3968978065E+00,1.0218000000E+03,9.9900000000E+01,0.0000000000E+00
1450294800,4.3781434990E+00,1.0214042860E+03,9.9900000000E+01,0.0000000000E+00
1450296000,4.3906103251E+00,1.0211030081E+03,9.9900000000E+01,0.0000000000E+00
1450297200,4.4218493359E+00,1.0206012923E+03,9.9900000000E+01,0.0000000000E+00
1450298400,4.4530620961E+00,1.0204000000E+03,9.9900000000E+01,0.0000000000E+00
1450299600,4.5124675807E+00,1.0201022132E+03,9.9900000000E+01,0.0000000000E+00
1450300800,4.5499909515E+00,1.0199000000E+03,9.9900000000E+01,0.0000000000E+00
1450302000,4.6031155746E+00,1.0197030781E+03,9.9900000000E+01,0.0000000000E+00
1450303200,4.6624910364E+00,1.0196000000E+03,9.9900000000E+01,0.0000000000E+00
1450304400,4.7780809911E+00,1.0195008911E+03,9.9900000000E+01,0.0000000000E+00
1450305600,4.8342800421E+00,1.0191006803E+03,9.9900000000E+01,0.0000000000E+00
1450306800,4.8718592217E+00,1.0187038156E+03,9.9900000000E+01,0.0000000000E+00
1450308000,4.9124241388E+00,1.0184008834E+03,9.9900000000E+01,0.0000000000E+00
1450309200,5.0435277647E+00,1.0183011805E+03,9.9900000000E+01,0.0000000000E+00
1450310400,5.0811810517E+00,1.0180010766E+03,9.9900000000E+01,0.0000000000E+00
1450311600,5.1560032358E+00,1.0177040410E+03,9.9900000000E+01,0.0000000000E+00
1450312800,5.2437624380E+00,1.0174011815E+03,9.9900000000E+01,0.0000000000E+00
1450314000,5.2812665400E+00,1.0172010957E+03,9.9900000000E+01,0.0000000000E+00
1450315200,5.3124550602E+00,1.0169011367E+03,9.9900000000E+01,0.0000000000E+00
1450316400,5.3562766220E+00,1.0165021948E+03,9.9900000000E+01,0.0000000000E+00
1450317600,5.3780802498E+00,1.0163010818E+03,9.9900000000E+01,0.0000000000E+00
1450318800,5.3841497807E+00,1.0161006599E+03,9.9900000000E+01,0.0000000000E+00
1450320000,5.4437266696E+00,1.0159000000E+03,9.9900000000E+01,0.0000000000E+00
1450321200,5.5592724572E+00,1.0158007136E+03,9.9900000000E+01,0.0000000000E+00
1450322400,5.7061286910E+00,1.0156010472E+03,9.9900000000E+01,0.0000000000E+00
1450323600,5.9218299108E+00,1.0154993937E+03,9.9900000000E+01,0.0000000000E+00
1450324800,6.0874042363E+00,1.0152010757E+03,9.9900000000E+01,0.0000000000E+00
1450326000,6.3157780764E+00,1.0150005895E+03,9.9900000000E+01,0.0000000000E+00
1450327200,6.4373935704E+00,1.0147006450E+03,9.9900000000E+01,0.0000000000E+00
1450328400,6.5840745817E+00,1.0146984790E+03,9.9900000000E+01,0.0000000000E+00
1450329600,6.5999152169E+00,1.0145006953E+03,9.9900000000E+01,0.0000000000E+00
1450330800,6.9124119996E+00,1.0144010825E+03,9.9900000000E+01,0.0000000000E+00
1450332000,7.1030944540E+00,1.0144000000E+03,9.9900000000E+01,0.0000000000E+00
1450333200,7.1748742802E+00,1.0143000000E+03,9.9900000000E+01,0.0000000000E+00
1450334400,7.3561851864E+00,1.0145015456E+03,9.9900000000E+01,0.0000000000E+00
1450335600,7.6092426981E+00,1.0144993749E+03,9.9900000000E+01,0.0000000000E+00
1450336800,7.8435202218E+00,1.0145989387E+03,9.9900000000E+01,4.9677361350E+00
1450338000,8.2029847780E+00,1.0144000000E+03,9.9900000000E+01,2.4793612887E+01
1450339200,8.3155915705E+00,1.0146000000E+03,9.9900000000E+01,4.2865385470E+01
1450340400,8.3499592043E+00,1.0145019524E+03,9.9900000000E+01,9.3390436977E+01
1450341600,8.3967938993E+00,1.0143000000E+03,9.9900000000E+01,1.5968844572E+02
1450342800,8.4654826644E+00,1.0142984490E+03,9.9900000000E+01,1.6395305549E+02
1450344000,8.5279781720E+00,1.0145000000E+03,9.9900000000E+01,1.2307895686E+02
1450345200,8.5594607084E+00,1.0147000000E+03,9.9900000000E+01,1.7177957603E+02
1450346400,8.4594030923E+00,1.0145021471E+03,9.9900000000E+01,2.6002133340E+02
1450347600,8.4937524892E+00,1.0144992843E+03,9.9900000000E+01,1.8196219719E+02
1450348800,8.5655560591E+00,1.0144012288E+03,9.9900000000E+01,2.7100000000E+02
1450350000,8.5281723544E+00,1.0143014834E+03,9.9900000000E+01,3.1556905576E+02
1450351200,8.7031307291E+00,1.0142976229E+03,9.9900000000E+01,2.4491284840E+02
1450352400,8.7842277213E+00,1.0141014341E+03,9.9900000000E+01,2.0489034147E+02
1450353600,8.7844210496E+00,1.0141000000E+03,9.9900000000E+01,4.6175093825E+02
1450354800,8.8843111571E+00,1.0140993006E+03,9.9900000000E+01,4.5604989902E+02
1450356000,8.9998091512E+00,1.0142000000E+03,9.9900000000E+01,3.2823978774E+02
1450357200,9.1187357119E+00,1.0141010519E+03,9.9900000000E+01,9.9852732267E+01
1450358400,8.9875817583E+00,1.0140000000E+03,9.9900000000E+01,1.2619841871E+02
1450359600,8.9094656386E+00,1.0138006185E+03,9.9900000000E+01,4.8127362867E+01
1450360800,8.7968379725E+00,1.0137010574E+03,9.9900000000E+01,3.5010713400E+01
1450362000,8.7875105315E+00,1.0138000000E+03,9.9900000000E+01,1.7035382942E+01
1450363200,8.9031183737E+00,1.0136000000E+03,9.9900000000E+01,8.0608696133E+00
1450364400,8.9436795911E+00,1.0135023847E+03,9.9900000000E+01,7.1939385000E-02
1450365600,9.0437351632E+00,1.0134000000E+03,9.9900000000E+01,0.0000000000E+00
1450366800,9.2218529339E+00,1.0134000000E+03,9.9900000000E+01,0.0000000000E+00
1450368000,9.2749867045E+00,1.0134000000E+03,9.9900000000E+01,0.0000000000E+00
1450369200,9.3156956065E+00,1.0131018987E+03,9.9900000000E+01,0.0000000000E+00
1450370400,9.3312539383E+00,1.0131979947E+03,9.9900000000E+01,0.0000000000E+00
1450371600,9.2906954321E+00,1.0129000000E+03,9.9900000000E+01,0.0000000000E+00
1450372800,9.2655710719E+00,1.0123053210E+03,9.9900000000E+01,0.0000000000E+00
1450374000,9.2718827725E+00,1.0126976911E+03,9.9900000000E+01,0.0000000000E+00
1450375200,9.4841958331E+00,1.0125989368E+03,9.9900000000E+01,0.0000000000E+00
1450376400,9.7218307236E+00,1.0124006306E+03,9.9900000000E+01,0.0000000000E+00
1450377600,9.8249559632E+00,1.0123985254E+03,9.9900000000E+01,0.0000000000E+00
1450378800,9.8469236181E+00,1.0124006450E+03,9.9900000000E+01,0.0000000000E+00
1450380000,9.8312754725E+00,1.0122000000E+03,9.9900000000E+01,0.0000000000E+00
1450381200,9.8875485595E+00,1.0123971710E+03,9.9900000000E+01,0.0000000000E+00
1450382400,9.8719856269E+00,1.0122010971E+03,9.9900000000E+01,0.0000000000E+00
1450383600,9.7719465761E+00,1.0123992733E+03,9.9900000000E+01,0.0000000000E+00
1450384800,9.6689365315E+00,1.0124000000E+03,9.9900000000E+01,0.0000000000E+00
1450386000,9.6156092411E+00,1.0124006657E+03,9.9900000000E+01,0.0000000000E+00
1450387200,9.4813299090E+00,1.0125000000E+03,9.9900000000E+01,0.0000000000E+00
1450388400,9.3312023008E+00,1.0125006429E+03,9.9900000000E+01,0.0000000000E+00
1450389600,9.3281974862E+00,1.0124977068E+03,9.9900000000E+01,0.0000000000E+00
1450390800,9.2875068777E+00,1.0123020412E+03,9.9900000000E+01,0.0000000000E+00
1450392000,9.2000631079E+00,1.0123000000E+03,9.9900000000E+01,0.0000000000E+00
1450393200,9.1437764893E+00,1.0123000000E+03,9.9900000000E+01,0.0000000000E+00
1450394400,9.0094957601E+00,1.0123014780E+03,9.9900000000E+01,0.0000000000E+00
1450395600,8.9093234263E+00,1.0123000000E+03,9.9900000000E+01,0.0000000000E+00
1450396800,8.8314778602E+00,1.0121013087E+03,9.9900000000E+01,0.0000000000E+00
1450398000,8.8312378016E+00,1.0119013912E+03,9.9900000000E+01,0.0000000000E+00
1450399200,8.7876303591E+00,1.0118010609E+03,9.9900000000E+01,0.0000000000E+00
1450400400,8.3470395248E+00,1.0119000000E+03,9.9900000000E+01,0.0000000000E+00
1450401600,7.8942340501E+00,1.0117000000E+03,9.9900000000E+01,0.0000000000E+00
1450402800,7.6281828246E+00,1.0117000000E+03,9.9900000000E+01,0.0000000000E+00
1450404000,7.5593732360E+00,1.0116000000E+03,9.9900000000E+01,0.0000000000E+00
1450405200,7.4654514477E+00,1.0115006886E+03,9.9900000000E+01,0.0000000000E+00
1450406400,7.4998983440E+00,1.0113000000E+03,9.9900000000E+01,0.0000000000E+00
1450407600,7.4343855024E+00,1.0111007061E+03,9.9900000000E+01,0.0000000000E+00
1450408800,7.5406025741E+00,1.0111000000E+03,9.9900000000E+01,0.0000000000E+00
1450410000,7.5530257669E+00,1.0113000000E+03,9.9900000000E+01,0.0000000000E+00
1450411200,7.6529098518E+00,1.0111000000E+03,9.9900000000E+01,0.0000000000E+00
1450412400,7.7624745086E+00,1.0109992877E+03,9.9900000000E+01,0.0000000000E+00
1450413600,7.8062681434E+00,1.0110000000E+03,9.9900000000E+01,0.0000000000E+00
1450414800,7.9936529654E+00,1.0105013497E+03,9.9900000000E+01,0.0000000000E+00
1450416000,8.0812087339E+00,1.0103043150E+03,9.9900000000E+01,0.0000000000E+00
1450417200,8.2844057688E+00,1.0103011310E+03,9.9900000000E+01,0.0000000000E+00
1450418400,8.4216777293E+00,1.0106000000E+03,9.9900000000E+01,0.0000000000E+00
1450419600,8.5061110488E+00,1.0106989079E+03,9.9900000000E+01,0.0000000000E+00
1450420800,8.7685188195E+00,1.0104000000E+03,9.9900000000E+01,0.0000000000E+00
1450422000,9.0155712209E+00,1.0104993780E+03,9.9900000000E+01,0.0000000000E+00
1450423200,9.2621825323E+00,1.0106942097E+03,9.9900000000E+01,3.9610532067E+00
1450424400,9.6279958134E+00,1.0108981623E+03,9.9900000000E+01,1.2974938947E+01
1450425600,9.8125035530E+00,1.0110993219E+03,9.9900000000E+01,1.9986090610E+01
1450426800,9.7999407481E+00,1.0111000000E+03,9.9900000000E+01,4.4804504808E+01
1450428000,9.6343748481E+00,1.0112000000E+03,9.9900000000E+01,6.7921430135E+01
1450429200,9.5000440756E+00,1.0114985041E+03,9.9900000000E+01,8.4652873880E+01
1450430400,9.4875775329E+00,1.0114015454E+03,9.9900000000E+01,1.0540730178E+02
1450431600,9.4499156987E+00,1.0116969627E+03,9.9900000000E+01,1.6134092653E+02
1450432800,9.4748683399E+00,1.0117970077E+03,9.9900000000E+01,1.0772492912E+02
1450434000,9.4655396634E+00,1.0119000000E+03,9.9900000000E+01,8.4456692797E+02
1450435200,9.5186845379E+00,1.0118000000E+03,9.9900000000E+01,5.4296667347E+02
1450436400,9.6562762709E+00,1.0118000000E+03,9.9900000000E+01,4.9165182784E+02
1450437600,9.5624733655E+00,1.0121988816E+03,9.9900000000E+01,1.8824937725E+02
1450438800,9.5218215600E+00,1.0123010858E+03,9.9900000000E+01,2.5552715437E+02
1450440000,9.4126422224E+00,1.0123984715E+03,9.9900000000E+01,2.3023128960E+02
1450441200,9.4030298136E+00,1.0123007484E+03,9.9900000000E+01,3.3503807594E+02
1450442400,9.5562601196E+00,1.0124969262E+03,9.9900000000E+01,1.7224075013E+02
1450443600,9.5030727944E+00,1.0125000000E+03,9.9900000000E+01,1.2314290483E+02
1450444800,9.4998281933E+00,1.0125993766E+03,9.9900000000E+01,7.8229188840E+01
1450446000,9.4001526706E+00,1.0127986350E+03,9.9900000000E+01,4.8125411460E+01
1450447200,9.2375753977E+00,1.0130986939E+03,9.9900000000E+01,3.3019996010E+01
1450448400,9.1062121358E+00,1.0131988975E+03,9.9900000000E+01,2.7000000000E+01
1450449600,9.0812705014E+00,1.0133000000E+03,9.9900000000E+01,9.0494705283E+00
1450450800,9.1156458686E+00,1.0135956474E+03,9.9900000000E+01,6.5706140000E-02
1450452000,9.1562208271E+00,1.0136000000E+03,9.9900000000E+01,0.0000000000E+00
1450453200,9.1499833489E+00,1.0137000000E+03,9.9900000000E+01,0.0000000000E+00
1450454400,9.1280550744E+00,1.0137988870E+03,9.9900000000E+01,0.0000000000E+00
1450455600,9.1719042976E+00,1.0138000000E+03,9.9900000000E+01,0.0000000000E+00
1450456800,9.1750569277E+00,1.0138992732E+03,9.9900000000E+01,0.0000000000E+00
1450458000,9.1937086484E+00,1.0139008731E+03,9.9900000000E+01,0.0000000000E+00
1450459200,9.1688251523E+00,1.0139010517E+03,9.9900000000E+01,0.0000000000E+00
1450460400,9.1030151265E+00,1.0139000000E+03,9.9900000000E+01,0.0000000000E+00
1450461600,9.2624492367E+00,1.0139987447E+03,9.9900000000E+01,0.0000000000E+00
1450462800,9.3530510961E+00,1.0139006835E+03,9.9900000000E+01,0.0000000000E+00
1450464000,9.3313072197E+00,1.0142000000E+03,9.9900000000E+01,0.0000000000E+00
1450465200,9.2531954117E+00,1.0140018991E+03,9.9900000000E+01,0.0000000000E+00
1450466400,9.1438131479E+00,1.0139993843E+03,9.9900000000E+01,0.0000000000E+00
1450467600,9.1594193342E+00,1.0140014593E+03,9.9900000000E+01,0.0000000000E+00
1450468800,9.1248955857E+00,1.0140969946E+03,9.9900000000E+01,0.0000000000E+00
1450470000,9.0469313328E+00,1.0142000000E+03,9.9900000000E+01,0.0000000000E+00
1450471200,8.9250472766E+00,1.0141993070E+03,9.9900000000E+01,0.0000000000E+00
1450472400,8.9562187410E+00,1.0142000000E+03,9.9900000000E+01,0.0000000000E+00
1450473600,9.0593327715E+00,1.0141031004E+03,9.9900000000E+01,0.0000000000E+00
1450474800,9.0813219035E+00,1.0142993940E+03,9.9900000000E+01,0.0000000000E+00
1450476000,8.8970306968E+00,1.0140029553E+03,9.9900000000E+01,0.0000000000E+00
1450477200,8.6906822644E+00,1.0140988640E+03,9.9900000000E+01,0.0000000000E+00
1450478400,8.6718453939E+00,1.0141006546E+03,9.9900000000E+01,0.0000000000E+00
1450479600,8.6843932021E+00,1.0140030901E+03,9.9900000000E+01,0.0000000000E+00
1450480800,8.5907311241E+00,1.0141000000E+03,9.9900000000E+01,0.0000000000E+00
1450482000,8.6748824639E+00,1.0139010833E+03,9.9900000000E+01,0.0000000000E+00
1450483200,8.7719263185E+00,1.0138000000E+03,9.9900000000E+01,0.0000000000E+00
1450484400,8.7655751714E+00,1.0138007114E+03,9.9900000000E+01,0.0000000000E+00
1450485600,8.9499227529E+00,1.0139000000E+03,9.9900000000E+01,0.0000000000E+00
1450486800,9.0092745750E+00,1.0139000000E+03,9.9900000000E+01,0.0000000000E+00
1450488000,8.9906227442E+00,1.0137030943E+03,9.9900000000E+01,0.0000000000E+00
1450489200,8.9656693858E+00,1.0138000000E+03,9.9900000000E+01,0.0000000000E+00
1450490400,8.9968833430E+00,1.0137000000E+03,9.9900000000E+01,0.0000000000E+00
1450491600,9.2904442975E+00,1.0135000000E+03,9.9900000000E+01,0.0000000000E+00
1450492800,9.4656247294E+00,1.0134000000E+03,9.9900000000E+01,0.0000000000E+00
1450494000,9.5032179592E+00,1.0133037243E+03,9.9900000000E+01,0.0000000000E+00
1450495200,9.4562403586E+00,1.0132010617E+03,9.9900000000E+01,0.0000000000E+00
1450496400,9.5250319127E+00,1.0132014427E+03,9.9900000000E+01,0.0000000000E+00
1450497600,9.5749684248E+00,1.0130010319E+03,9.9900000000E+01,0.0000000000E+00
1450498800,9.5780872936E+00,1.0130000000E+03,9.9900000000E+01,0.0000000000E+00
1450500000,9.6374986390E+00,1.0130006132E+03,9.9900000000E+01,0.0000000000E+00
1450501200,9.6875525401E+00,1.0129029374E+03,9.9900000000E+01,0.0000000000E+00
1450502400,9.6500852194E+00,1.0130984762E+03,9.9900000000E+01,0.0000000000E+00
1450503600,9.6188018761E+00,1.0133000000E+03,9.9900000000E+01,0.0000000000E+00
1450504800,9.5000519010E+00,1.0132011128E+03,9.9900000000E+01,0.0000000000E+00
1450506000,9.3750518861E+00,1.0132007215E+03,9.9900000000E+01,0.0000000000E+00
1450507200,9.3094067036E+00,1.0133979501E+03,9.9900000000E+01,0.0000000000E+00
1450508400,9.3249628382E+00,1.0136988779E+03,9.9900000000E+01,0.0000000000E+00
1450509600,9.3219942630E+00,1.0138989220E+03,9.9900000000E+01,3.9563131400E+00
1450510800,9.2687462784E+00,1.0138000000E+03,9.9900000000E+01,1.6930991630E+01
1450512000,9.2749412293E+00,1.0139985499E+03,9.9900000000E+01,4.3867079900E+01
1450513200,9.3000306487E+00,1.0139014964E+03,9.9900000000E+01,7.9879180093E+01
1450514400,9.3468654839E+00,1.0141993216E+03,9.9900000000E+01,1.3065347108E+02
1450515600,9.4093139256E+00,1.0141007214E+03,9.9900000000E+01,1.4208159008E+02
1450516800,9.4812465106E+00,1.0141989074E+03,9.9900000000E+01,2.3593775440E+02
1450518000,9.4811897422E+00,1.0144962091E+03,9.9900000000E+01,1.7127438892E+02
1450519200,9.4969107256E+00,1.0145000000E+03,9.9900000000E+01,1.9820019127E+02
1450520400,9.4218407835E+00,1.0144006598E+03,9.9900000000E+01,2.1179079635E+02
1450521600,9.2686992486E+00,1.0143987517E+03,9.9900000000E+01,1.9814662373E+02
1450522800,9.1718507238E+00,1.0145000000E+03,9.9900000000E+01,3.8928346836E+02
1450524000,9.1750423984E+00,1.0145010724E+03,9.9900000000E+01,2.9172841417E+02
1450525200,9.0876498679E+00,1.0143029718E+03,9.9900000000E+01,3.2510029100E+02
1450526400,9.0467612937E+00,1.0142000000E+03,9.9900000000E+01,2.8164760559E+02
1450527600,9.1281036617E+00,1.0142981380E+03,9.9900000000E+01,2.3706373163E+02
1450528800,9.1874899155E+00,1.0144000000E+03,9.9900000000E+01,1.7157362830E+02
1450530000,9.2124865084E+00,1.0142006581E+03,9.9900000000E+01,1.6870852579E+02
1450531200,9.3499551608E+00,1.0141000000E+03,9.9900000000E+01,1.3650321612E+02
1450532400,9.3624707351E+00,1.0142000000E+03,9.9900000000E+01,1.0509868858E+02
1450533600,9.3811916594E+00,1.0143011120E+03,9.9900000000E+01,6.4506606775E+01
1450534800,9.4218376549E+00,1.0142030781E+03,9.9900000000E+01,2.1295160187E+01
1450536000,9.4312616028E+00,1.0141010887E+03,9.9900000000E+01,8.0992499150E+00
1450537200,9.4156077402E+00,1.0142000000E+03,9.9900000000E+01,6.4237326667E-02
1450538400,9.4686625348E+00,1.0144000000E+03,9.9900000000E+01,0.0000000000E+00
1450539600,9.4843884436E+00,1.0146987406E+03,9.9900000000E+01,0.0000000000E+00
1450540800,9.4811752220E+00,1.0147955408E+03,9.9900000000E+01,0.0000000000E+00
1450542000,9.4811611373E+00,1.0144014805E+03,9.9900000000E+01,0.0000000000E+00
1450543200,9.3564171469E+00,1.0142993462E+03,9.9900000000E+01,0.0000000000E+00
1450544400,9.2499004019E+00,1.0142000000E+03,9.9900000000E+01,0.0000000000E+00
1450545600,9.2719729744E+00,1.0144981900E+03,9.9900000000E+01,0.0000000000E+00
1450546800,9.3405244801E+00,1.0143014389E+03,9.9900000000E+01,0.0000000000E+00
1450548000,9.3842796685E+00,1.0144000000E+03,9.9900000000E+01,0.0000000000E+00
1450549200,9.4313358117E+00,1.0144000000E+03,9.9900000000E+01,0.0000000000E+00
1450550400,9.3905900189E+00,1.0145000000E+03,9.9900000000E+01,0.0000000000E+00
1450551600,9.3749182671E+00,1.0146000000E+03,9.9900000000E+01,0.0000000000E+00
1450552800,9.3906125532E+00,1.0146000000E+03,9.9900000000E+01,0.0000000000E+00
1450554000,9.4186913452E+00,1.0147993351E+03,9.9900000000E+01,0.0000000000E+00
1450555200,9.4438101817E+00,1.0148992669E+03,9.9900000000E+01,0.0000000000E+00
1450556400,9.5062462160E+00,1.0149000000E+03,9.9900000000E+01,0.0000000000E+00
1450557600,9.5000013186E+00,1.0150000000E+03,9.9900000000E+01,0.0000000000E+00
1450558800,9.5594627342E+00,1.0150993036E+03,9.9900000000E+01,0.0000000000E+00
1450560000,9.6030657772E+00,1.0151000000E+03,9.9900000000E+01,0.0000000000E+00
1450561200,9.5938215561E+00,1.0152000000E+03,9.9900000000E+01,0.0000000000E+00
1450562400,9.5405966398E+00,1.0150000000E+03,9.9900000000E+01,0.0000000000E+00
1450563600,9.5873867513E+00,1.0152000000E+03,9.9900000000E+01,0.0000000000E+00
1450564800,9.5500242009E+00,1.0151989737E+03,9.9900000000E+01,0.0000000000E+00
1450566000,9.4844422237E+00,1.0149014569E+03,9.9900000000E+01,0.0000000000E+00
1450567200,9.5968695944E+00,1.0149007063E+03,9.9900000000E+01,0.0000000000E+00
1450568400,9.6624607387E+00,1.0147018519E+03,9.9900000000E+01,0.0000000000E+00
1450569600,9.6780171922E+00,1.0147000000E+03,9.9900000000E+01,0.0000000000E+00
1450570800,9.6625152593E+00,1.0146982731E+03,9.9900000000E+01,0.0000000000E+00
1450572000,9.6875524489E+00,1.0144028410E+03,9.9900000000E+01,0.0000000000E+00
1450573200,9.6906031400E+00,1.0141021713E+03,9.9900000000E+01,0.0000000000E+00
1450574400,9.7250187699E+00,1.0143000000E+03,9.9900000000E+01,0.0000000000E+00
1450575600,9.7343791152E+00,1.0144010721E+03,9.9900000000E+01,0.0000000000E+00
1450576800,9.6905701447E+00,1.0142014436E+03,9.9900000000E+01,0.0000000000E+00
1450578000,9.5999760299E+00,1.0142990315E+03,9.9900000000E+01,0.0000000000E+00
1450579200,9.5001114466E+00,1.0141010424E+03,9.9900000000E+01,0.0000000000E+00
1450580400,9.5124820321E+00,1.0140036699E+03,9.9900000000E+01,0.0000000000E+00
1450581600,9.4686852083E+00,1.0140000000E+03,9.9900000000E+01,0.0000000000E+00
1450582800,9.5436028286E+00,1.0139000000E+03,9.9900000000E+01,0.0000000000E+00
1450584000,9.6031067024E+00,1.0137015719E+03,9.9900000000E+01,0.0000000000E+00
1450585200,9.6282988670E+00,1.0136000000E+03,9.9900000000E+01,0.0000000000E+00
1450586400,9.4221127324E+00,1.0136992971E+03,9.9900000000E+01,0.0000000000E+00
1450587600,9.2219131469E+00,1.0136037337E+03,9.9900000000E+01,0.0000000000E+00
1450588800,9.1312295019E+00,1.0137978219E+03,9.9900000000E+01,0.0000000000E+00
1450590000,9.1031023357E+00,1.0137000000E+03,9.9900000000E+01,0.0000000000E+00
1450591200,9.1249602017E+00,1.0134013135E+03,9.9900000000E+01,0.0000000000E+00
1450592400,9.1469653387E+00,1.0133000000E+03,9.9900000000E+01,0.0000000000E+00
1450593600,8.9782627769E+00,1.0130000000E+03,9.9900000000E+01,0.0000000000E+00
1450594800,8.8500055812E+00,1.0129047847E+03,9.9900000000E+01,0.0000000000E+00
1450596000,8.8373776461E+00,1.0125019718E+03,9.9900000000E+01,1.0880848560E+01
1450597200,8.8875168840E+00,1.0125976455E+03,9.9900000000E+01,2.5786745015E+01
1450598400,8.8937071299E+00,1.0124045805E+03,9.9900000000E+01,7.1661014687E+01
1450599600,8.8998818983E+00,1.0125000000E+03,9.9900000000E+01,1.4244036575E+02
1450600800,8.9406429435E+00,1.0124000000E+03,9.9900000000E+01,1.7989627941E+02
1450602000,8.9155962197E+00,1.0122014554E+03,9.9900000000E+01,1.8205878087E+02
1450603200,8.9218692004E+00,1.0123981383E+03,9.9900000000E+01,2.2836223083E+02
1450604400,8.9218292066E+00,1.0120112534E+03,9.9900000000E+01,8.3680622359E+02
1450605600,9.0405805825E+00,1.0117014275E+03,9.9900000000E+01,2.3298041852E+03
1450606800,9.0469184948E+00,1.0116988951E+03,9.9900000000E+01,1.0168210576E+03
1450608000,9.0718228114E+00,1.0117991995E+03,9.9900000000E+01,9.1783260213E+02
1450609200,9.1654223970E+00,1.0115021354E+03,9.9900000000E+01,5.8582221043E+02
1450610400,9.2561812391E+00,1.0114989057E+03,9.9900000000E+01,7.0878121008E+02
1450611600,9.3623512401E+00,1.0110069467E+03,9.9900000000E+01,5.7725624166E+02
1450612800,9.3906438780E+00,1.0108987127E+03,9.9900000000E+01,6.1182871124E+02
1450614000,9.3843719074E+00,1.0108011140E+03,9.9900000000E+01,6.1356397625E+02
1450615200,9.2813074463E+00,1.0106006590E+03,9.9900000000E+01,3.9625564861E+02
1450616400,9.1343894295E+00,1.0102045778E+03,9.9900000000E+01,3.4715394773E+02
1450617600,9.0906352018E+00,1.0100010525E+03,9.9900000000E+01,2.3461854042E+02
1450618800,9.1000692203E+00,1.0105000000E+03,9.9900000000E+01,1.5243930122E+02
1450620000,9.1094059769E+00,1.0106942675E+03,9.9900000000E+01,9.7423493510E+01
1450621200,9.0907481045E+00,1.0104013496E+03,9.9900000000E+01,5.2130718100E+01
1450622400,8.9718770497E+00,1.0104978586E+03,9.9900000000E+01,1.5119329815E+01
1450623600,8.9282226365E+00,1.0105056990E+03,9.9900000000E+01,3.1718088300E+00
1450624800,8.8625403450E+00,1.0105985190E+03,9.9900000000E+01,0.0000000000E+00
1450626000,8.8562908929E+00,1.0107015410E+03,9.9900000000E+01,0.0000000000E+00
1450627200,8.8562582195E+00,1.0109000000E+03,9.9900000000E+01,0.0000000000E+00
1450628400,8.8812351947E+00,1.0109967295E+03,9.9900000000E+01,0.0000000000E+00
1450629600,8.9157526733E+00,1.0110000000E+03,9.9900000000E+01,0.0000000000E+00
1450630800,9.0093672125E+00,1.0109969932E+03,9.9900000000E+01,0.0000000000E+00
1450632000,9.0125226278E+00,1.0112964549E+03,9.9900000000E+01,0.0000000000E+00
1450633200,9.0782834198E+00,1.0110022175E+03,9.9900000000E+01,0.0000000000E+00
1450634400,9.0248868312E+00,1.0111006456E+03,9.9900000000E+01,0.0000000000E+00
1450635600,9.2185809818E+00,1.0111984482E+03,9.9900000000E+01,0.0000000000E+00
1450636800,9.2562308964E+00,1.0113984180E+03,9.9900000000E+01,0.0000000000E+00
1450638000,9.4466414115E+00,1.0115992918E+03,9.9900000000E+01,0.0000000000E+00
1450639200,9.5844002279E+00,1.0116984428E+03,9.9900000000E+01,0.0000000000E+00
1450640400,9.7872801393E+00,1.0115029046E+03,9.9900000000E+01,0.0000000000E+00
1450641600,9.9937110981E+00,1.0117978559E+03,9.9900000000E+01,0.0000000000E+00
1450642800,1.0021885573E+01,1.0119015016E+03,9.9900000000E+01,0.0000000000E+00
1450644000,1.0046783406E+01,1.0119981032E+03,9.9900000000E+01,0.0000000000E+00
1450645200,1.0078103591E+01,1.0120000000E+03,9.9900000000E+01,0.0000000000E+00
1450646400,9.9501221374E+00,1.0123000000E+03,9.9900000000E+01,0.0000000000E+00
1450647600,9.6627857319E+00,1.0122022838E+03,9.9900000000E+01,0.0000000000E+00
1450648800,9.5658653985E+00,1.0119000000E+03,9.9900000000E+01,0.0000000000E+00
1450650000,9.4313587724E+00,1.0120011221E+03,9.9900000000E+01,0.0000000000E+00
1450651200,9.3687576785E+00,1.0120007486E+03,9.9900000000E+01,0.0000000000E+00
1450652400,9.2905633298E+00,1.0114064330E+03,9.9900000000E+01,0.0000000000E+00
1450653600,9.2782416670E+00,1.0118902417E+03,9.9900000000E+01,0.0000000000E+00
1450654800,9.2593150999E+00,1.0114000000E+03,9.9900000000E+01,0.0000000000E+00
1450656000,9.1720633950E+00,1.0114975792E+03,9.9900000000E+01,0.0000000000E+00
1450657200,9.1436729070E+00,1.0113000000E+03,9.9900000000E+01,0.0000000000E+00
1450658400,9.1500636317E+00,1.0113014570E+03,9.9900000000E+01,0.0000000000E+00
1450659600,9.1343255070E+00,1.0112992631E+03,9.9900000000E+01,0.0000000000E+00
1450660800,9.1685685671E+00,1.0113984701E+03,9.9900000000E+01,0.0000000000E+00
1450662000,9.2092525001E+00,1.0111007487E+03,9.9900000000E+01,0.0000000000E+00
1450663200,9.2749874929E+00,1.0111000000E+03,9.9900000000E+01,0.0000000000E+00
1450664400,9.2779884194E+00,1.0108040013E+03,9.9900000000E+01,0.0000000000E+00
1450665600,9.3843862111E+00,1.0106979827E+03,9.9900000000E+01,0.0000000000E+00
1450666800,9.3623702601E+00,1.0105015851E+03,9.9900000000E+01,0.0000000000E+00
1450668000,9.3906763775E+00,1.0105975706E+03,9.9900000000E+01,0.0000000000E+00
1450669200,9.4499497044E+00,1.0105012037E+03,9.9900000000E+01,0.0000000000E+00
1450670400,9.5218978237E+00,1.0105008201E+03,9.9900000000E+01,0.0000000000E+00
1450671600,9.5124204395E+00,1.0103975224E+03,9.9900000000E+01,0.0000000000E+00
1450672800,9.4469733791E+00,1.0103983630E+03,9.9900000000E+01,0.0000000000E+00
1450674000,9.3156788682E+00,1.0104992307E+03,9.9900000000E+01,0.0000000000E+00
1450675200,9.3406406368E+00,1.0104000000E+03,9.9900000000E+01,0.0000000000E+00
1450676400,9.4499114722E+00,1.0105983632E+03,9.9900000000E+01,0.0000000000E+00
1450677600,9.5405552300E+00,1.0105000000E+03,9.9900000000E+01,0.0000000000E+00
1450678800,9.5249904686E+00,1.0106992050E+03,9.9900000000E+01,0.0000000000E+00
1450680000,9.4157233691E+00,1.0108000000E+03,9.9900000000E+01,0.0000000000E+00
1450681200,9.3406425628E+00,1.0106983746E+03,9.9900000000E+01,0.0000000000E+00
1450682400,9.2375311885E+00,1.0107000000E+03,9.9900000000E+01,1.4925612915E+01
1450683600,9.1530342774E+00,1.0108974791E+03,9.9900000000E+01,4.7442315547E+01
1450684800,9.1374683992E+00,1.0111987769E+03,9.9900000000E+01,1.0383916348E+02
1450686000,9.3216285614E+00,1.0112000000E+03,9.9900000000E+01,4.9906320260E+01
1450687200,9.3219419855E+00,1.0112000000E+03,9.9900000000E+01,1.3116955258E+02
1450688400,9.3874470190E+00,1.0110016516E+03,9.9900000000E+01,3.3135064845E+02
1450689600,9.4875307496E+00,1.0110987449E+03,9.9900000000E+01,2.5739579312E+02
1450690800,9.4125479691E+00,1.0109016941E+03,9.9900000000E+01,3.6800105857E+02
1450692000,9.2843760415E+00,1.0109983303E+03,9.9900000000E+01,6.6961732951E+02
1450693200,9.3155024200E+00,1.0108000000E+03,9.9900000000E+01,3.3734305787E+03
1450694400,9.2405531479E+00,1.0106033525E+03,9.9900000000E+01,3.0381052970E+04
1450695600,9.5091708342E+00,1.0103008220E+03,9.9900000000E+01,4.0133722871E+04
1450696800,9.5936614761E+00,1.0102008680E+03,9.9900000000E+01,3.4803799228E+04
1450698000,9.7093306761E+00,1.0100025545E+03,9.9900000000E+01,2.2337877676E+03
1450699200,9.4063632404E+00,1.0099012758E+03,9.9900000000E+01,7.9496506692E+02
1450700400,9.3187595520E+00,1.0096026146E+03,9.9900000000E+01,4.7433027954E+02
1450701600,9.3687096682E+00,1.0094017057E+03,9.9900000000E+01,4.3434901552E+02
1450702800,9.3125210917E+00,1.0093000000E+03,9.9900000000E+01,8.9252635052E+02
1450704000,9.2781394706E+00,1.0091017189E+03,9.9900000000E+01,2.9883038229E+02
1450705200,9.1187688990E+00,1.0090000000E+03,9.9900000000E+01,6.9122646650E+01
1450706400,9.0937410886E+00,1.0089000000E+03,9.9900000000E+01,6.4081016007E+01
1450707600,9.0156130018E+00,1.0090990722E+03,9.9900000000E+01,4.1009419975E+01
1450708800,8.9282792395E+00,1.0091000000E+03,9.9900000000E+01,1.5161860542E+01
1450710000,8.7688278124E+00,1.0089012078E+03,9.9900000000E+01,3.0488660067E+00
1450711200,8.7000788363E+00,1.0088017262E+03,9.9900000000E+01,3.4809286667E-02
1450712400,8.6498997729E+00,1.0090000000E+03,9.9900000000E+01,0.0000000000E+00
1450713600,8.5938251297E+00,1.0088000000E+03,9.9900000000E+01,0.0000000000E+00
1450714800,8.4812226092E+00,1.0087000000E+03,9.9900000000E+01,0.0000000000E+00
1450716000,8.4311816924E+00,1.0084031960E+03,9.9900000000E+01,0.0000000000E+00
1450717200,8.4812496065E+00,1.0084000000E+03,9.9900000000E+01,0.0000000000E+00
1450718400,8.4062767029E+00,1.0080026105E+03,9.9900000000E+01,0.0000000000E+00
1450719600,8.2718802045E+00,1.0077011704E+03,9.9900000000E+01,0.0000000000E+00
1450720800,8.1406912021E+00,1.0074032610E+03,9.9900000000E+01,3.2893130000E-02
1450722000,8.0906328598E+00,1.0073016734E+03,9.9900000000E+01,0.0000000000E+00
1450723200,8.0782470340E+00,1.0070000000E+03,9.9900000000E+01,0.0000000000E+00
1450724400,7.9969792538E+00,1.0065022010E+03,9.9900000000E+01,0.0000000000E+00
1450725600,8.0249913230E+00,1.0062018630E+03,9.9900000000E+01,0.0000000000E+00
1450726800,7.9782047769E+00,1.0057032965E+03,9.9900000000E+01,0.0000000000E+00
1450728000,7.9812230708E+00,1.0052038349E+03,9.9900000000E+01,0.0000000000E+00
1450729200,7.8813430512E+00,1.0048029545E+03,9.9900000000E+01,0.0000000000E+00
1450730400,7.8342653893E+00,1.0042042287E+03,9.9900000000E+01,0.0000000000E+00
1450731600,7.6721105096E+00,1.0033126407E+03,9.9900000000E+01,0.0000000000E+00
1450732800,7.5000001181E+00,1.0028020141E+03,9.9900000000E+01,0.0000000000E+00
1450734000,7.4439070392E+00,1.0018146614E+03,9.9900000000E+01,0.0000000000E+00
1450735200,7.3656750173E+00,1.0005136744E+03,9.9900000000E+01,0.0000000000E+00
1450736400,7.3469470890E+00,1.0000021562E+03,9.9900000000E+01,0.0000000000E+00
1450737600,7.4030060407E+00,9.9959853884E+02,9.9900000000E+01,0.0000000000E+00
1450738800,7.6686351380E+00,9.9930000000E+02,9.9900000000E+01,0.0000000000E+00
1450740000,8.0185174471E+00,9.9910000000E+02,9.9900000000E+01,0.0000000000E+00
1450741200,8.4030349229E+00,9.9919930548E+02,9.9900000000E+01,0.0000000000E+00
1450742400,8.5219156782E+00,9.9910231682E+02,9.9900000000E+01,0.0000000000E+00
1450743600,8.5655306279E+00,9.9959746490E+02,9.9900000000E+01,0.0000000000E+00
1450744800,8.6406105783E+00,9.9989800407E+02,9.9900000000E+01,0.0000000000E+00
1450746000,8.5158497757E+00,1.0004985770E+03,9.9900000000E+01,0.0000000000E+00
1450747200,8.4685175078E+00,1.0008956079E+03,9.9900000000E+01,0.0000000000E+00
1450748400,8.6281312228E+00,1.0016000000E+03,9.9900000000E+01,0.0000000000E+00
1450749600,8.5000663623E+00,1.0024991228E+03,9.9900000000E+01,0.0000000000E+00
1450750800,8.2126825327E+00,1.0030958367E+03,9.9900000000E+01,0.0000000000E+00
1450752000,8.0967966483E+00,1.0037966845E+03,9.9900000000E+01,0.0000000000E+00
1450753200,8.1874029446E+00,1.0046953679E+03,9.9900000000E+01,0.0000000000E+00
1450754400,8.2625178567E+00,1.0050967964E+03,9.9900000000E+01,0.0000000000E+00
1450755600,8.1313354914E+00,1.0056985033E+03,9.9900000000E+01,0.0000000000E+00
1450756800,8.1219129319E+00,1.0065975185E+03,9.9900000000E+01,0.0000000000E+00
1450758000,8.0811957011E+00,1.0073953516E+03,9.8985886346E+01,0.0000000000E+00
1450759200,7.9625675310E+00,1.0079967315E+03,9.9900000000E+01,0.0000000000E+00
1450760400,7.7751107815E+00,1.0085967062E+03,9.9900000000E+01,0.0000000000E+00
1450761600,7.6280901978E+00,1.0087981164E+03,9.9900000000E+01,0.0000000000E+00
1450762800,7.5313090622E+00,1.0093974502E+03,9.9900000000E+01,0.0000000000E+00
1450764000,7.5687400014E+00,1.0097993355E+03,9.9900000000E+01,0.0000000000E+00
1450765200,7.4844789562E+00,1.0101000000E+03,9.9900000000E+01,0.0000000000E+00
1450766400,7.4031758578E+00,1.0107980862E+03,9.9900000000E+01,0.0000000000E+00
1450767600,7.3500036368E+00,1.0108988722E+03,9.9900000000E+01,7.9314933600E+00
1450768800,7.3187867747E+00,1.0109019183E+03,9.9900000000E+01,8.9553383820E+01
1450770000,7.2156835781E+00,1.0113993530E+03,9.9900000000E+01,2.2760378980E+02
1450771200,7.1750866860E+00,1.0118969626E+03,9.9900000000E+01,6.7807606016E+02
1450772400,7.1000594046E+00,1.0119985355E+03,9.9900000000E+01,5.2564237592E+03
1450773600,7.1655456728E+00,1.0121984775E+03,9.9900000000E+01,6.3058435303E+03
1450774800,7.2093043520E+00,1.0121993967E+03,9.9900000000E+01,9.3389421083E+03
1450776000,7.4748746471E+00,1.0123000000E+03,9.9900000000E+01,7.4292424067E+03
1450777200,7.6343787575E+00,1.0124000000E+03,9.9900000000E+01,6.7501312120E+02
1450778400,7.6218560540E+00,1.0121014893E+03,9.9900000000E+01,5.6085586996E+02
1450779600,7.7686517689E+00,1.0121000000E+03,9.9900000000E+01,7.0911893893E+02
1450780800,7.9250313413E+00,1.0120000000E+03,9.9900000000E+01,4.7767799681E+02
1450782000,7.8655585046E+00,1.0116012602E+03,9.9900000000E+01,4.7401294332E+02
1450783200,7.9280622794E+00,1.0115000000E+03,9.9900000000E+01,4.2211388383E+02
1450784400,7.8874847737E+00,1.0110012694E+03,9.9900000000E+01,3.4840203011E+02
1450785600,7.7126645208E+00,1.0109010724E+03,9.9900000000E+01,1.6304298384E+02
1450786800,7.5376019826E+00,1.0108000000E+03,9.9900000000E+01,1.1249794724E+02
1450788000,7.3499273495E+00,1.0101025347E+03,9.9900000000E+01,6.3136326505E+01
1450789200,7.2406430339E+00,1.0097013863E+03,9.9900000000E+01,6.2007067798E+01
1450790400,7.4092764112E+00,1.0091028850E+03,9.9900000000E+01,5.1145605733E+01
1450791600,7.7623749686E+00,1.0087019534E+03,9.9900000000E+01,2.4086357418E+01
1450792800,8.2809309362E+00,1.0083038386E+03,9.9900000000E+01,1.7135310257E+01
1450794000,8.6655292796E+00,1.0081010474E+03,9.9900000000E+01,1.2042420093E+01
1450795200,8.8780290526E+00,1.0078015086E+03,9.9900000000E+01,4.0456569300E+00
1450796400,8.9905404190E+00,1.0078000000E+03,9.9900000000E+01,1.4218166667E-02
1450797600,9.0842542264E+00,1.0074015067E+03,9.9900000000E+01,0.0000000000E+00
1450798800,9.3718046304E+00,1.0072029373E+03,9.9900000000E+01,0.0000000000E+00
1450800000,9.5310824296E+00,1.0072000000E+03,9.9900000000E+01,0.0000000000E+00
1450801200,9.6811540239E+00,1.0072000000E+03,9.9900000000E+01,0.0000000000E+00
1450802400,9.8936386979E+00,1.0071015204E+03,9.9900000000E+01,0.0000000000E+00
1450803600,1.0093760086E+01,1.0072989085E+03,9.9900000000E+01,0.0000000000E+00
1450804800,1.0274897087E+01,1.0073969552E+03,9.9900000000E+01,0.0000000000E+00
1450806000,1.0371908059E+01,1.0073975687E+03,9.9900000000E+01,0.0000000000E+00
1450807200,1.0459258242E+01,1.0075000000E+03,9.9900000000E+01,0.0000000000E+00
1450808400,1.0631108343E+01,1.0075000000E+03,9.9900000000E+01,0.0000000000E+00
1450809600,1.0840557918E+01,1.0074000000E+03,9.9900000000E+01,0.0000000000E+00
1450810800,1.0756318680E+01,1.0074988657E+03,9.9900000000E+01,0.0000000000E+00
1450812000,1.0612587710E+01,1.0075992929E+03,9.9900000000E+01,0.0000000000E+00
1450813200,1.0503191938E+01,1.0076000000E+03,9.9900000000E+01,0.0000000000E+00
1450814400,1.0606214671E+01,1.0075992416E+03,9.9900000000E+01,0.0000000000E+00
1450815600,1.0618744188E+01,1.0074989670E+03,9.9900000000E+01,0.0000000000E+00
1450816800,1.0643697217E+01,1.0076000000E+03,9.9900000000E+01,0.0000000000E+00
1450818000,1.0724879869E+01,1.0078969595E+03,9.9900000000E+01,0.0000000000E+00
1450819200,1.0653214394E+01,1.0077011288E+03,9.9900000000E+01,0.0000000000E+00
1450820400,1.0624949599E+01,1.0076993208E+03,9.9900000000E+01,0.0000000000E+00
1450821600,1.0709323960E+01,1.0077985294E+03,9.9900000000E+01,0.0000000000E+00
1450822800,1.0803097539E+01,1.0076000000E+03,9.9900000000E+01,0.0000000000E+00
1450824000,1.0884354048E+01,1.0075000000E+03,9.9900000000E+01,0.0000000000E+00
1450825200,1.0871799675E+01,1.0075000000E+03,9.9900000000E+01,0.0000000000E+00
1450826400,1.0875018128E+01,1.0074009421E+03,9.9900000000E+01,0.0000000000E+00
1450827600,1.0696895853E+01,1.0073006121E+03,9.9900000000E+01,0.0000000000E+00
1450828800,1.0581276172E+01,1.0073000000E+03,9.9900000000E+01,0.0000000000E+00
1450830000,1.0484436011E+01,1.0072009492E+03,9.9900000000E+01,0.0000000000E+00
1450831200,1.0521750336E+01,1.0071000000E+03,9.9900000000E+01,0.0000000000E+00
1450832400,1.0528276974E+01,1.0069000000E+03,9.9900000000E+01,0.0000000000E+00
1450833600,1.0387469264E+01,1.0069000000E+03,9.9900000000E+01,0.0000000000E+00
1450834800,1.0440594081E+01,1.0067010715E+03,9.9900000000E+01,0.0000000000E+00
1450836000,1.0553126499E+01,1.0066000000E+03,9.9900000000E+01,0.0000000000E+00
1450837200,1.0468826809E+01,1.0063011205E+03,9.9900000000E+01,0.0000000000E+00
1450838400,1.0418741098E+01,1.0061023585E+03,9.9900000000E+01,0.0000000000E+00
1450839600,1.0424981712E+01,1.0060000000E+03,9.9900000000E+01,0.0000000000E+00
1450840800,1.0384418482E+01,1.0058000000E+03,9.9900000000E+01,0.0000000000E+00
1450842000,1.0371857203E+01,1.0056000000E+03,9.9900000000E+01,0.0000000000E+00
1450843200,1.0381197080E+01,1.0054006854E+03,9.9900000000E+01,0.0000000000E+00
1450844400,1.0393800255E+01,1.0052010868E+03,9.9900000000E+01,0.0000000000E+00
1450845600,1.0340635881E+01,1.0051011623E+03,9.9900000000E+01,0.0000000000E+00
1450846800,1.0365623623E+01,1.0050968447E+03,9.9900000000E+01,0.0000000000E+00
1450848000,1.0334354931E+01,1.0050000000E+03,9.9900000000E+01,0.0000000000E+00
1450849200,1.0265611016E+01,1.0049000000E+03,9.9900000000E+01,0.0000000000E+00
1450850400,9.9565499372E+00,1.0057000000E+03,9.9900000000E+01,0.0000000000E+00
1450851600,9.6934627856E+00,1.0059000000E+03,9.9900000000E+01,0.0000000000E+00
1450852800,9.6376591303E+00,1.0059000000E+03,9.9900000000E+01,0.0000000000E+00
1450854000,9.4373600158E+00,1.0059993230E+03,9.9900000000E+01,0.0000000000E+00
1450855200,9.3437965419E+00,1.0059980381E+03,9.9900000000E+01,3.9209623467E+00
1450856400,9.2969543160E+00,1.0063955876E+03,9.9900000000E+01,2.8810126717E+01
1450857600,9.3842371261E+00,1.0066992872E+03,9.9900000000E+01,2.6065625450E+01
1450858800,9.7249508287E+00,1.0069986860E+03,9.9900000000E+01,6.0859230245E+01
1450860000,9.5625483228E+00,1.0072989495E+03,9.9900000000E+01,1.2969133343E+02
1450861200,9.5156090583E+00,1.0074985350E+03,9.9900000000E+01,1.7665982885E+02
1450862400,9.4562129880E+00,1.0078977813E+03,9.9900000000E+01,5.5883342885E+02
1450863600,9.4500302011E+00,1.0083986361E+03,9.9900000000E+01,2.4552822784E+02
1450864800,9.4406492779E+00,1.0085992532E+03,9.9900000000E+01,2.9912264081E+02
1450866000,9.3905411187E+00,1.0088989426E+03,9.9900000000E+01,3.9049649049E+02
1450867200,9.4936929545E+00,1.0090992485E+03,9.9900000000E+01,2.2173112492E+03
1450868400,9.4907064699E+00,1.0093989130E+03,9.9900000000E+01,1.4737096573E+03
1450869600,9.5687667235E+00,1.0096985205E+03,9.9900000000E+01,1.6751709413E+03
1450870800,9.7530211893E+00,1.0098000000E+03,9.9900000000E+01,4.1373393905E+04
1450872000,9.8405870404E+00,1.0099993461E+03,9.9900000000E+01,1.6729114169E+04
1450873200,9.8781362770E+00,1.0101962140E+03,9.9900000000E+01,2.0290221670E+04
1450874400,9.7938730784E+00,1.0102985425E+03,9.9900000000E+01,2.7301389633E+03
1450875600,9.6063801521E+00,1.0104000000E+03,9.9900000000E+01,9.9006248680E+02
1450876800,9.3688979032E+00,1.0106993133E+03,9.9900000000E+01,2.9504899616E+02
1450878000,9.2844200080E+00,1.0109000000E+03,9.9900000000E+01,1.0342719946E+03
1450879200,9.2218433903E+00,1.0108993422E+03,9.9900000000E+01,2.7708094993E+02
1450880400,9.1251261181E+00,1.0112000000E+03,9.9900000000E+01,1.0243639383E+02
1450881600,8.9967973646E+00,1.0115000000E+03,9.9900000000E+01,3.3051301693E+01
1450882800,8.7067703705E+00,1.0122993152E+03,9.9900000000E+01,7.9720661933E+00
1450884000,8.2031030407E+00,1.0125978534E+03,9.9900000000E+01,4.3722566667E-02
1450885200,8.5091377529E+00,1.0128985757E+03,9.9900000000E+01,0.0000000000E+00
1450886400,8.5187719532E+00,1.0133986078E+03,9.9900000000E+01,0.0000000000E+00
1450887600,8.4001199892E+00,1.0137989027E+03,9.9900000000E+01,0.0000000000E+00
1450888800,8.2501801326E+00,1.0141990417E+03,9.9900000000E+01,0.0000000000E+00
1450890000,8.1156781797E+00,1.0146981098E+03,9.9900000000E+01,0.0000000000E+00
1450891200,7.9501594365E+00,1.0149986639E+03,9.9900000000E+01,0.0000000000E+00
1450892400,7.8531272362E+00,1.0153940801E+03,9.9900000000E+01,0.0000000000E+00
1450893600,7.6563843058E+00,1.0158970720E+03,9.9900000000E+01,0.0000000000E+00
1450894800,7.5810345334E+00,1.0163985877E+03,9.9900000000E+01,0.0000000000E+00
1450896000,7.5999879746E+00,1.0166992651E+03,9.9900000000E+01,0.0000000000E+00
1450897200,7.4281596606E+00,1.0171962355E+03,9.9900000000E+01,0.0000000000E+00
1450898400,7.3188444321E+00,1.0174943589E+03,9.9900000000E+01,0.0000000000E+00
1450899600,7.2561435630E+00,1.0175960660E+03,9.9900000000E+01,0.0000000000E+00
1450900800,7.2218909586E+00,1.0177968275E+03,9.9900000000E+01,0.0000000000E+00
1450902000,7.1343886516E+00,1.0179976794E+03,9.9900000000E+01,0.0000000000E+00
1450903200,7.0843282960E+00,1.0182987606E+03,9.9900000000E+01,0.0000000000E+00
1450904400,7.2468394472E+00,1.0184993543E+03,9.9900000000E+01,0.0000000000E+00
1450905600,7.1750790184E+00,1.0189984519E+03,9.9900000000E+01,0.0000000000E+00
1450906800,6.9468285003E+00,1.0192993927E+03,9.9900000000E+01,0.0000000000E+00
1450908000,7.0532792223E+00,1.0196977909E+03,9.9900000000E+01,0.0000000000E+00
1450909200,6.9937126835E+00,1.0201969971E+03,9.9900000000E+01,0.0000000000E+00
1450910400,6.9250337077E+00,1.0204984547E+03,9.9900000000E+01,0.0000000000E+00
1450911600,6.7439145551E+00,1.0207985394E+03,9.9900000000E+01,0.0000000000E+00
1450912800,6.7124885167E+00,1.0211000000E+03,9.9900000000E+01,0.0000000000E+00
1450914000,6.6313453721E+00,1.0211000000E+03,9.9900000000E+01,0.0000000000E+00
1450915200,6.4186963651E+00,1.0210021157E+03,9.9900000000E+01,0.0000000000E+00
1450916400,6.4249786128E+00,1.0210000000E+03,9.9900000000E+01,0.0000000000E+00
1450917600,6.4750111786E+00,1.0211000000E+03,9.9900000000E+01,0.0000000000E+00
1450918800,6.4968562886E+00,1.0209000000E+03,9.9900000000E+01,0.0000000000E+00
1450920000,6.5843954586E+00,1.0209000000E+03,9.9900000000E+01,0.0000000000E+00
1450921200,6.4438119841E+00,1.0210980888E+03,9.9900000000E+01,0.0000000000E+00
1450922400,6.1188129305E+00,1.0211980774E+03,9.9900000000E+01,0.0000000000E+00
1450923600,6.2185811202E+00,1.0212000000E+03,9.9900000000E+01,0.0000000000E+00
1450924800,6.2501174667E+00,1.0212000000E+03,9.9900000000E+01,0.0000000000E+00
1450926000,6.2468962136E+00,1.0212993439E+03,9.9900000000E+01,0.0000000000E+00
1450927200,6.0563612722E+00,1.0212993685E+03,9.9900000000E+01,0.0000000000E+00
1450928400,5.9126046931E+00,1.0214000000E+03,9.9900000000E+01,0.0000000000E+00
1450929600,5.7468615141E+00,1.0215000000E+03,9.9900000000E+01,0.0000000000E+00
1450930800,5.6094550833E+00,1.0214988424E+03,9.9900000000E+01,0.0000000000E+00
1450932000,5.7404134869E+00,1.0214013530E+03,9.9900000000E+01,0.0000000000E+00
1450933200,5.9967788289E+00,1.0214019081E+03,9.9900000000E+01,0.0000000000E+00
1450934400,5.9905877268E+00,1.0213993078E+03,9.9900000000E+01,0.0000000000E+00
1450935600,5.6752536647E+00,1.0213988784E+03,9.9900000000E+01,0.0000000000E+00
1450936800,5.3378670572E+00,1.0213014872E+03,9.9900000000E+01,0.0000000000E+00
1450938000,5.0093752780E+00,1.0214988782E+03,9.9900000000E+01,0.0000000000E+00
1450939200,5.1467576092E+00,1.0212022512E+03,9.9900000000E+01,0.0000000000E+00
1450940400,5.1499894016E+00,1.0210020949E+03,9.9900000000E+01,2.9681569500E+00
1450941600,4.7750435203E+00,1.0209000000E+03,9.9900000000E+01,3.9804669900E+01
1450942800,4.7529429715E+00,1.0208006334E+03,9.9900000000E+01,8.4967663042E+01
1450944000,5.0623278657E+00,1.0207000000E+03,9.9900000000E+01,1.2969433323E+02
1450945200,5.4872563526E+00,1.0205000000E+03,9.9900000000E+01,6.9214345687E+02
1450946400,5.6624129983E+00,1.0204000000E+03,9.9900000000E+01,1.2046444932E+03
1450947600,5.7778924484E+00,1.0204000000E+03,9.9900000000E+01,4.2823366647E+02
1450948800,6.0529473904E+00,1.0201047825E+03,9.9900000000E+01,6.2796912271E+02
1450950000,6.4342135322E+00,1.0200000000E+03,9.9900000000E+01,1.4355236223E+03
1450951200,6.8186125540E+00,1.0199000000E+03,9.9900000000E+01,1.1930439593E+03
1450952400,6.9281221927E+00,1.0198006969E+03,9.9900000000E+01,3.1675758109E+03
1450953600,6.9593324420E+00,1.0194046110E+03,9.9900000000E+01,7.1546017293E+03
1450954800,7.1905426167E+00,1.0192019671E+03,9.9900000000E+01,2.1392961040E+04
1450956000,7.2530261692E+00,1.0188006161E+03,9.9900000000E+01,2.3577686173E+04
1450957200,7.4312725341E+00,1.0184039826E+03,9.9900000000E+01,9.0167471496E+03
1450958400,7.3063518240E+00,1.0180006452E+03,9.9900000000E+01,5.4652433728E+03
1450959600,7.3467946181E+00,1.0178000000E+03,9.9900000000E+01,4.3454992667E+03
1450960800,7.1813360724E+00,1.0174017791E+03,9.9900000000E+01,1.3018949551E+03
1450962000,7.0250308563E+00,1.0169034406E+03,9.9900000000E+01,1.0234741923E+03
1450963200,6.8970352261E+00,1.0169000000E+03,9.9900000000E+01,6.0025929572E+02
1450964400,6.6500530858E+00,1.0165021349E+03,9.9900000000E+01,2.6500633602E+02
1450965600,6.5219084905E+00,1.0163006125E+03,9.9900000000E+01,1.5754721028E+02
1450966800,6.4750107164E+00,1.0161022184E+03,9.9900000000E+01,2.0514613025E+02
1450968000,6.3187423417E+00,1.0158018774E+03,9.9900000000E+01,3.6057584670E+01
1450969200,6.1937357848E+00,1.0156021849E+03,9.9900000000E+01,4.0774476267E+00
1450970400,6.2686736589E+00,1.0152020504E+03,9.9900000000E+01,1.3988803333E-02
1450971600,6.2875044017E+00,1.0150011061E+03,9.9900000000E+01,0.0000000000E+00
1450972800,6.1718795916E+00,1.0145024222E+03,9.9900000000E+01,0.0000000000E+00
1450974000,6.1562308770E+00,1.0143010877E+03,9.9900000000E+01,0.0000000000E+00
1450975200,6.2686664654E+00,1.0141988833E+03,9.9900000000E+01,0.0000000000E+00
1450976400,6.5654092397E+00,1.0138015656E+03,9.9900000000E+01,0.0000000000E+00
1450977600,7.0123150867E+00,1.0135006007E+03,9.9900000000E+01,0.0000000000E+00
1450978800,7.3529824270E+00,1.0131012469E+03,9.9900000000E+01,0.0000000000E+00
1450980000,7.4344474933E+00,1.0129014628E+03,9.9900000000E+01,0.0000000000E+00
1450981200,7.3562459897E+00,1.0126011797E+03,9.9900000000E+01,0.0000000000E+00
1450982400,7.5560659025E+00,1.0123023366E+03,9.9900000000E+01,0.0000000000E+00
1450983600,7.8217344230E+00,1.0121000000E+03,9.9900000000E+01,0.0000000000E+00
1450984800,8.0342701535E+00,1.0119007437E+03,9.9900000000E+01,0.0000000000E+00
1450986000,8.0937220437E+00,1.0118000000E+03,9.9900000000E+01,0.0000000000E+00
1450987200,8.1187204217E+00,1.0115010360E+03,9.9900000000E+01,0.0000000000E+00
1450988400,8.1999275061E+00,1.0114975842E+03,9.9900000000E+01,0.0000000000E+00
1450989600,8.3499260629E+00,1.0114014781E+03,9.9900000000E+01,0.0000000000E+00
1450990800,8.5997831458E+00,1.0113000000E+03,9.9900000000E+01,0.0000000000E+00
1450992000,8.8154976491E+00,1.0111988922E+03,9.9900000000E+01,0.0000000000E+00
1450993200,8.9061388618E+00,1.0109022145E+03,9.9900000000E+01,0.0000000000E+00
1450994400,8.8783060839E+00,1.0107014521E+03,9.9900000000E+01,0.0000000000E+00
1450995600,8.7749057985E+00,1.0105000000E+03,9.9900000000E+01,0.0000000000E+00
1450996800,8.9280514677E+00,1.0105988822E+03,9.9900000000E+01,0.0000000000E+00
1450998000,9.2061294465E+00,1.0108000000E+03,9.9900000000E+01,0.0000000000E+00
1450999200,9.3781425192E+00,1.0107000000E+03,9.9900000000E+01,0.0000000000E+00
1451000400,9.3218065013E+00,1.0107000000E+03,9.9900000000E+01,0.0000000000E+00
1451001600,9.4342273822E+00,1.0107993853E+03,9.9900000000E+01,0.0000000000E+00
1451002800,9.3939845274E+00,1.0108022829E+03,9.9900000000E+01,0.0000000000E+00
1451004000,9.2563603197E+00,1.0111970951E+03,9.9900000000E+01,0.0000000000E+00
1451005200,8.9345797571E+00,1.0115977850E+03,9.9900000000E+01,0.0000000000E+00
1451006400,8.6252924024E+00,1.0118969329E+03,9.9900000000E+01,0.0000000000E+00
1451007600,8.1533583057E+00,1.0121986836E+03,9.9900000000E+01,0.0000000000E+00
1451008800,7.6503233627E+00,1.0123993678E+03,9.9900000000E+01,0.0000000000E+00
1451010000,7.4127157813E+00,1.0125000000E+03,9.9900000000E+01,0.0000000000E+00
1451011200,7.2157329122E+00,1.0126993634E+03,9.9900000000E+01,0.0000000000E+00
1451012400,6.9907278115E+00,1.0128007353E+03,9.9900000000E+01,0.0000000000E+00
1451013600,7.0063879539E+00,1.0128992831E+03,9.9900000000E+01,0.0000000000E+00
1451014800,6.8750186416E+00,1.0128015558E+03,9.9900000000E+01,0.0000000000E+00
1451016000,6.8220010030E+00,1.0128000000E+03,9.9900000000E+01,0.0000000000E+00
1451017200,6.7969037090E+00,1.0129984567E+03,9.9900000000E+01,0.0000000000E+00
1451018400,6.7593249901E+00,1.0131000000E+03,9.9900000000E+01,0.0000000000E+00
1451019600,6.7157573741E+00,1.0133000000E+03,9.9900000000E+01,0.0000000000E+00
1451020800,6.5719014742E+00,1.0135000000E+03,9.9900000000E+01,0.0000000000E+00
1451022000,6.5250407071E+00,1.0136000000E+03,9.9900000000E+01,0.0000000000E+00
1451023200,6.4937101744E+00,1.0137993087E+03,9.9900000000E+01,0.0000000000E+00
1451024400,6.4656433308E+00,1.0140000000E+03,9.9900000000E+01,0.0000000000E+00
1451025600,6.4532211981E+00,1.0142985144E+03,9.9900000000E+01,0.0000000000E+00
1451026800,6.3313758780E+00,1.0146979289E+03,9.9900000000E+01,7.9577806500E+00
1451028000,6.3780689492E+00,1.0148000000E+03,9.9900000000E+01,7.8977279510E+01
1451029200,6.3000398324E+00,1.0149993724E+03,9.9900000000E+01,2.8326894840E+02
1451030400,6.2749806075E+00,1.0150014778E+03,9.9900000000E+01,6.9183719355E+02
1451031600,6.4124494324E+00,1.0153967904E+03,9.9900000000E+01,2.4090960759E+03
1451032800,6.4531646531E+00,1.0154986621E+03,9.9900000000E+01,2.0156221496E+03
1451034000,6.5530545663E+00,1.0157993073E+03,9.9900000000E+01,1.3370877478E+04
1451035200,6.6873673034E+00,1.0160000000E+03,9.9900000000E+01,2.5143113931E+04
1451036400,6.8468610443E+00,1.0163000000E+03,9.8907061950E+01,3.0346988673E+04
1451037600,7.0624057270E+00,1.0163988488E+03,9.1237305093E+01,3.3300417400E+04
1451038800,7.1469008069E+00,1.0164000000E+03,8.3652345471E+01,3.6625429865E+04
1451040000,7.3280156848E+00,1.0163993530E+03,7.6733682364E+01,3.6804290593E+04
1451041200,7.4530586987E+00,1.0163992853E+03,7.6392678732E+01,2.9936979711E+04
1451042400,7.5405304082E+00,1.0164000000E+03,7.5542449395E+01,3.9033185054E+04
1451043600,7.6124711277E+00,1.0163989271E+03,7.1804348574E+01,3.9679290535E+04
1451044800,7.6968258584E+00,1.0163989433E+03,6.5726789912E+01,1.3644102728E+04
1451046000,7.7375822862E+00,1.0163000000E+03,6.6008679706E+01,3.0355965158E+04
1451047200,7.6250638085E+00,1.0162007656E+03,6.5610128179E+01,3.7744958717E+03
1451048400,7.5906869826E+00,1.0162989546E+03,6.9289398798E+01,2.5147069335E+03
1451049600,7.5156059549E+00,1.0162000000E+03,7.2888942120E+01,1.6116933319E+03
1451050800,7.3315351945E+00,1.0163000000E+03,7.4102124457E+01,6.8901221237E+02
1451052000,7.0470099713E+00,1.0163969801E+03,7.9666469389E+01,5.4685350645E+02
1451053200,6.9530749329E+00,1.0165981210E+03,8.1392427849E+01,2.3933505664E+02
1451054400,7.0280558719E+00,1.0170929841E+03,8.3671769528E+01,7.0670644493E+01
1451055600,7.0654819713E+00,1.0172992847E+03,8.4394898705E+01,5.1603264300E+00
1451056800,7.1126423676E+00,1.0173000000E+03,8.4083984002E+01,2.0320319967E+00
1451058000,6.8158169523E+00,1.0173000000E+03,8.6887193773E+01,0.0000000000E+00
1451059200,6.7375446722E+00,1.0173000000E+03,8.9000000000E+01,0.0000000000E+00
1451060400,6.7279999450E+00,1.0172986851E+03,9.0705385697E+01,0.0000000000E+00
1451061600,6.6563468934E+00,1.0176977597E+03,9.0293196733E+01,0.0000000000E+00
1451062800,6.5469486190E+00,1.0177000000E+03,9.5148024861E+01,0.0000000000E+00
1451064000,6.3812579263E+00,1.0177000000E+03,9.9897403649E+01,0.0000000000E+00
1451065200,6.3344175284E+00,1.0177993416E+03,9.9900000000E+01,0.0000000000E+00
1451066400,6.3125004885E+00,1.0180000000E+03,9.9900000000E+01,0.0000000000E+00
1451067600,6.3967684380E+00,1.0179000000E+03,9.9900000000E+01,0.0000000000E+00
1451068800,6.3000910428E+00,1.0179993355E+03,9.9900000000E+01,0.0000000000E+00
1451070000,6.3905485531E+00,1.0179027831E+03,9.9900000000E+01,0.0000000000E+00
1451071200,6.5563851543E+00,1.0179988148E+03,9.9900000000E+01,0.0000000000E+00
1451072400,6.3656599923E+00,1.0182000000E+03,9.9900000000E+01,0.0000000000E+00
1451073600,6.4843293709E+00,1.0181000000E+03,9.9900000000E+01,0.0000000000E+00
1451074800,6.5406206659E+00,1.0182985074E+03,9.9900000000E+01,0.0000000000E+00
1451076000,6.5625544102E+00,1.0184010580E+03,9.9900000000E+01,0.0000000000E+00
1451077200,6.6654920861E+00,1.0181010801E+03,9.9900000000E+01,0.0000000000E+00
1451078400,6.6438175032E+00,1.0181000000E+03,9.9900000000E+01,0.0000000000E+00
1451079600,6.5468365069E+00,1.0178000000E+03,9.9900000000E+01,0.0000000000E+00
1451080800,6.6654913167E+00,1.0179987177E+03,9.9900000000E+01,0.0000000000E+00
1451082000,6.7374754817E+00,1.0178000000E+03,9.9900000000E+01,0.0000000000E+00
1451083200,6.6937143179E+00,1.0176992906E+03,9.9900000000E+01,0.0000000000E+00
1451084400,6.8717646262E+00,1.0173011885E+03,9.9900000000E+01,0.0000000000E+00
1451085600,6.7564678514E+00,1.0170031121E+03,9.9900000000E+01,0.0000000000E+00
1451086800,6.4408670867E+00,1.0168000000E+03,9.9900000000E+01,0.0000000000E+00
1451088000,6.0564104181E+00,1.0166011885E+03,9.9900000000E+01,0.0000000000E+00
1451089200,5.3440582978E+00,1.0165011016E+03,9.9900000000E+01,0.0000000000E+00
1451090400,5.1937629090E+00,1.0163014867E+03,9.9900000000E+01,0.0000000000E+00
1451091600,5.1593618223E+00,1.0160000000E+03,9.9900000000E+01,0.0000000000E+00
1451092800,5.0500571507E+00,1.0153031640E+03,9.9900000000E+01,0.0000000000E+00
1451094000,4.8657297046E+00,1.0149046373E+03,9.9900000000E+01,0.0000000000E+00
1451095200,4.6968934762E+00,1.0148030889E+03,9.9900000000E+01,0.0000000000E+00
1451096400,4.6626600201E+00,1.0143023412E+03,9.9900000000E+01,0.0000000000E+00
1451097600,4.5657781684E+00,1.0137046878E+03,9.9900000000E+01,0.0000000000E+00
1451098800,4.2905161182E+00,1.0135010251E+03,9.9900000000E+01,0.0000000000E+00
1451100000,4.2844945906E+00,1.0133006371E+03,9.9900000000E+01,0.0000000000E+00
1451101200,4.1750422644E+00,1.0130000000E+03,9.9900000000E+01,0.0000000000E+00
1451102400,4.0033890267E+00,1.0130993945E+03,9.9900000000E+01,0.0000000000E+00
1451103600,3.8219661073E+00,1.0127023433E+03,9.9900000000E+01,0.0000000000E+00
1451104800,3.7219566327E+00,1.0122967462E+03,9.9900000000E+01,0.0000000000E+00
1451106000,3.3749886843E+00,1.0123014156E+03,9.9900000000E+01,0.0000000000E+00
1451107200,3.2063115922E+00,1.0122993577E+03,9.9900000000E+01,0.0000000000E+00
1451108400,3.0594021224E+00,1.0121013129E+03,9.9900000000E+01,0.0000000000E+00
1451109600,3.0312294870E+00,1.0123992735E+03,9.9900000000E+01,0.0000000000E+00
1451110800,3.1031055043E+00,1.0125000000E+03,9.9900000000E+01,0.0000000000E+00
1451112000,3.1156675623E+00,1.0124006578E+03,9.9900000000E+01,0.0000000000E+00
1451113200,3.1624158085E+00,1.0124006995E+03,9.9900000000E+01,0.0000000000E+00
1451114400,3.1905880372E+00,1.0123988013E+03,9.9900000000E+01,3.9754956400E+00
1451115600,3.2967800904E+00,1.0126993504E+03,9.9900000000E+01,1.5946961200E+01
1451116800,3.5091585669E+00,1.0126014221E+03,9.9900000000E+01,3.1934794265E+01
1451118000,3.7217603366E+00,1.0127988795E+03,9.9900000000E+01,9.1670978808E+01
1451119200,3.7968342422E+00,1.0128978715E+03,9.9900000000E+01,1.1416174375E+02
1451120400,3.7717930469E+00,1.0129993852E+03,9.9900000000E+01,2.8750986893E+02
1451121600,3.7687633221E+00,1.0131006571E+03,9.9900000000E+01,2.8483228292E+02
1451122800,3.8155167144E+00,1.0129000000E+03,9.9900000000E+01,3.4642476301E+02
1451124000,4.1561857010E+00,1.0130000000E+03,9.9900000000E+01,3.3695196570E+02
1451125200,4.1467775528E+00,1.0133961321E+03,9.9900000000E+01,2.1735062608E+02
1451126400,4.2376165328E+00,1.0134000000E+03,9.9900000000E+01,3.3172883379E+02
1451127600,3.9937090654E+00,1.0138968552E+03,9.9900000000E+01,2.9396812338E+02
1451128800,4.0469567061E+00,1.0137007311E+03,9.9900000000E+01,3.7220842215E+02
1451130000,3.9375599169E+00,1.0135000000E+03,9.9900000000E+01,3.3927871786E+02
1451131200,3.9468749403E+00,1.0137992992E+03,9.9900000000E+01,2.7064050583E+02
1451132400,4.0217792468E+00,1.0140968521E+03,9.9900000000E+01,1.3131754513E+02
1451133600,4.0718259359E+00,1.0142981174E+03,9.9900000000E+01,1.0272069951E+02
1451134800,4.0312257324E+00,1.0145007164E+03,9.9900000000E+01,1.0895622220E+02
1451136000,3.9687781375E+00,1.0146000000E+03,9.9900000000E+01,8.1266581760E+01
1451137200,3.9375537097E+00,1.0147980762E+03,9.9900000000E+01,7.3155049560E+01
1451138400,3.9312644936E+00,1.0149976957E+03,9.9900000000E+01,5.8139097070E+01
1451139600,3.8812989406E+00,1.0150984591E+03,9.9900000000E+01,2.9295596522E+01
1451140800,3.8967866363E+00,1.0153976519E+03,9.9900000000E+01,8.1069265400E+00
1451142000,3.9281235674E+00,1.0157944240E+03,9.9900000000E+01,2.0840648450E+00
1451143200,3.9843258464E+00,1.0159992933E+03,9.9900000000E+01,0.0000000000E+00
1451144400,4.0281246538E+00,1.0163971028E+03,9.9900000000E+01,0.0000000000E+00
1451145600,4.0250523324E+00,1.0163985712E+03,9.9900000000E+01,0.0000000000E+00
1451146800,4.0906687973E+00,1.0165976523E+03,9.9900000000E+01,0.0000000000E+00
1451148000,4.2216595982E+00,1.0166989247E+03,9.9900000000E+01,0.0000000000E+00
1451149200,4.2001123928E+00,1.0168000000E+03,9.9900000000E+01,0.0000000000E+00
1451150400,4.2406940489E+00,1.0171978472E+03,9.9900000000E+01,0.0000000000E+00
1451151600,4.1937870902E+00,1.0173972461E+03,9.9900000000E+01,0.0000000000E+00
1451152800,4.1530752172E+00,1.0175993889E+03,9.9900000000E+01,0.0000000000E+00
1451154000,4.1499696578E+00,1.0178978563E+03,9.9900000000E+01,0.0000000000E+00
1451155200,4.1373808579E+00,1.0179992983E+03,9.9900000000E+01,0.0000000000E+00
1451156400,4.0875798381E+00,1.0181992841E+03,9.9900000000E+01,0.0000000000E+00
1451157600,4.0937752421E+00,1.0184000000E+03,9.9900000000E+01,0.0000000000E+00
1451158800,4.0249806585E+00,1.0185984734E+03,9.9900000000E+01,0.0000000000E+00
1451160000,3.9719144889E+00,1.0186989457E+03,9.9900000000E+01,0.0000000000E+00
1451161200,3.9406575048E+00,1.0187000000E+03,9.9900000000E+01,0.0000000000E+00
1451162400,3.9249578944E+00,1.0187000000E+03,9.9900000000E+01,0.0000000000E+00
1451163600,3.9250406843E+00,1.0188978824E+03,9.9900000000E+01,0.0000000000E+00
1451164800,3.9125166542E+00,1.0188021427E+03,9.9900000000E+01,0.0000000000E+00
1451166000,3.8594411408E+00,1.0186989487E+03,9.9900000000E+01,0.0000000000E+00
1451167200,3.8282118067E+00,1.0192000000E+03,9.9900000000E+01,0.0000000000E+00
1451168400,3.7719522758E+00,1.0193000000E+03,9.9900000000E+01,0.0000000000E+00
1451169600,3.2285320879E+00,1.0193980160E+03,9.9900000000E+01,0.0000000000E+00
1451170800,2.7533569305E+00,1.0197000000E+03,9.9900000000E+01,0.0000000000E+00
1451172000,2.2690905687E+00,1.0199000000E+03,9.9900000000E+01,0.0000000000E+00
1451173200,1.5941440612E+00,1.0197993058E+03,9.9900000000E+01,0.0000000000E+00
1451174400,1.2125050231E+00,1.0198936527E+03,9.9900000000E+01,0.0000000000E+00
1451175600,1.1282360928E+00,1.0195993029E+03,9.9900000000E+01,0.0000000000E+00
1451176800,1.0625571428E+00,1.0194010618E+03,9.9900000000E+01,0.0000000000E+00
1451178000,1.1342050047E+00,1.0193000000E+03,9.9900000000E+01,0.0000000000E+00
1451179200,1.2718201405E+00,1.0192980494E+03,9.9900000000E+01,0.0000000000E+00
1451180400,1.4062131221E+00,1.0190000000E+03,9.9900000000E+01,0.0000000000E+00
1451181600,1.6436428575E+00,1.0187032061E+03,9.9900000000E+01,0.0000000000E+00
1451182800,1.9591701732E+00,1.0186032174E+03,9.9900000000E+01,0.0000000000E+00
1451184000,2.2873246452E+00,1.0181094110E+03,9.9900000000E+01,0.0000000000E+00
1451185200,2.6561298274E+00,1.0184000000E+03,9.9900000000E+01,0.0000000000E+00
1451186400,3.0279111705E+00,1.0179074069E+03,9.9900000000E+01,0.0000000000E+00
1451187600,3.2499511501E+00,1.0177010073E+03,9.9900000000E+01,0.0000000000E+00
1451188800,3.3561710601E+00,1.0176000000E+03,9.9900000000E+01,0.0000000000E+00
1451190000,3.4654738831E+00,1.0175985711E+03,9.9900000000E+01,0.0000000000E+00
1451191200,3.6373618745E+00,1.0175011306E+03,9.9900000000E+01,0.0000000000E+00
1451192400,3.8030456590E+00,1.0169032627E+03,9.9900000000E+01,0.0000000000E+00
1451193600,3.9499259712E+00,1.0164031672E+03,9.9900000000E+01,0.0000000000E+00
1451194800,4.0843605606E+00,1.0163984761E+03,9.9900000000E+01,0.0000000000E+00
1451196000,4.1812408823E+00,1.0159000000E+03,9.9900000000E+01,0.0000000000E+00
1451197200,4.3405812886E+00,1.0156032978E+03,9.9900000000E+01,0.0000000000E+00
1451198400,4.5312373955E+00,1.0152032091E+03,9.9900000000E+01,0.0000000000E+00
1451199600,4.7592849483E+00,1.0147037544E+03,9.9900000000E+01,0.0000000000E+00
1451200800,5.0778505765E+00,1.0146012759E+03,9.9900000000E+01,0.0000000000E+00
1451202000,5.4841931899E+00,1.0144012729E+03,9.9900000000E+01,2.9804064500E+00
1451203200,5.7249153840E+00,1.0140019768E+03,9.9900000000E+01,6.9932756150E+00
1451204400,6.0092314553E+00,1.0137013182E+03,9.9900000000E+01,1.9973045293E+01
1451205600,6.3404214712E+00,1.0137000000E+03,9.9900000000E+01,1.7961314750E+01
1451206800,7.0495838976E+00,1.0135014697E+03,9.9900000000E+01,3.4836619072E+01
1451208000,7.7778301860E+00,1.0135014314E+03,9.9900000000E+01,4.2007376402E+01
1451209200,8.1436294536E+00,1.0136000000E+03,9.9900000000E+01,6.8648330550E+01
1451210400,8.2218658132E+00,1.0135014686E+03,9.9900000000E+01,1.2283690954E+02
1451211600,8.3062016141E+00,1.0135011043E+03,9.9900000000E+01,1.1601118204E+02
1451212800,8.4124977850E+00,1.0135000000E+03,9.9900000000E+01,1.1244067863E+02
1451214000,8.5342472704E+00,1.0134010206E+03,9.9900000000E+01,9.3886126643E+01
1451215200,8.6905765433E+00,1.0136000000E+03,9.9900000000E+01,8.9745085920E+01
1451216400,8.8748663777E+00,1.0135000000E+03,9.9900000000E+01,1.4157325458E+02
1451217600,9.1093305224E+00,1.0135000000E+03,9.9900000000E+01,9.1720279925E+01
1451218800,9.1342730729E+00,1.0136000000E+03,9.9900000000E+01,9.9382082645E+01
1451220000,9.0812613678E+00,1.0136000000E+03,9.9900000000E+01,7.1260469767E+01
1451221200,9.0344193127E+00,1.0136989479E+03,9.9900000000E+01,5.2330488262E+01
1451222400,8.9875316456E+00,1.0138000000E+03,9.9900000000E+01,1.2466169267E+02
1451223600,8.9624861571E+00,1.0137988782E+03,9.9900000000E+01,3.0478422780E+02
1451224800,8.8719073179E+00,1.0143956208E+03,9.9900000000E+01,2.0874297897E+02
1451226000,8.5940158732E+00,1.0146993083E+03,9.9900000000E+01,1.3242352220E+02
1451227200,8.5561540541E+00,1.0151985177E+03,9.9900000000E+01,6.6256549040E+01
1451228400,8.3157124104E+00,1.0153985831E+03,9.9900000000E+01,1.1180463958E+01
1451229600,8.1375351862E+00,1.0154993493E+03,9.9900000000E+01,2.0132772567E+00
1451230800,8.1125326080E+00,1.0157993743E+03,9.9900000000E+01,0.0000000000E+00
1451232000,7.8220328194E+00,1.0158018926E+03,9.9900000000E+01,0.0000000000E+00
1451233200,7.7875584073E+00,1.0157977254E+03,9.9900000000E+01,0.0000000000E+00
1451234400,7.6563121684E+00,1.0162923852E+03,9.9900000000E+01,0.0000000000E+00
1451235600,7.5530664209E+00,1.0165948718E+03,9.9900000000E+01,0.0000000000E+00
1451236800,7.4812975242E+00,1.0169980311E+03,9.9900000000E+01,0.0000000000E+00
1451238000,7.3500646272E+00,1.0170000000E+03,9.9900000000E+01,0.0000000000E+00
1451239200,7.3406259280E+00,1.0169000000E+03,9.9900000000E+01,0.0000000000E+00
1451240400,7.4061727261E+00,1.0172970024E+03,9.9900000000E+01,0.0000000000E+00
1451241600,7.3407283046E+00,1.0175978171E+03,9.9900000000E+01,0.0000000000E+00
1451242800,7.2655125962E+00,1.0175000000E+03,9.9900000000E+01,0.0000000000E+00
1451244000,7.3907033083E+00,1.0181967490E+03,9.9900000000E+01,0.0000000000E+00
1451245200,7.3063180402E+00,1.0184977750E+03,9.9900000000E+01,0.0000000000E+00
1451246400,7.2468929045E+00,1.0187000000E+03,9.9900000000E+01,0.0000000000E+00
1451247600,7.2093956643E+00,1.0187987017E+03,9.9900000000E+01,0.0000000000E+00
1451248800,7.1875722343E+00,1.0187945218E+03,9.9900000000E+01,0.0000000000E+00
1451250000,7.0656913912E+00,1.0191978965E+03,9.9900000000E+01,0.0000000000E+00
1451251200,7.1562124868E+00,1.0193000000E+03,9.9900000000E+01,0.0000000000E+00
1451252400,7.1562311479E+00,1.0194000000E+03,9.9900000000E+01,0.0000000000E+00
1451253600,7.0470612591E+00,1.0197989123E+03,9.9900000000E+01,0.0000000000E+00
1451254800,6.9593601101E+00,1.0199987392E+03,9.9900000000E+01,0.0000000000E+00
1451256000,6.9063295506E+00,1.0202986962E+03,9.9900000000E+01,0.0000000000E+00
1451257200,6.8593848524E+00,1.0204010804E+03,9.9900000000E+01,0.0000000000E+00
1451258400,6.7875132411E+00,1.0207000000E+03,9.9900000000E+01,0.0000000000E+00
1451259600,6.6157369872E+00,1.0212966390E+03,9.9900000000E+01,0.0000000000E+00
1451260800,6.6374197370E+00,1.0214984282E+03,9.9900000000E+01,0.0000000000E+00
1451262000,6.6686846189E+00,1.0217988165E+03,9.9900000000E+01,0.0000000000E+00
1451263200,6.6406659660E+00,1.0220979036E+03,9.9900000000E+01,0.0000000000E+00
1451264400,6.4875645820E+00,1.0222989775E+03,9.9900000000E+01,0.0000000000E+00
1451265600,6.4563140962E+00,1.0224000000E+03,9.9900000000E+01,0.0000000000E+00
1451266800,6.3469784701E+00,1.0227978507E+03,9.9900000000E+01,0.0000000000E+00
1451268000,6.3686971818E+00,1.0229987372E+03,9.9900000000E+01,0.0000000000E+00
1451269200,6.3592796146E+00,1.0234981317E+03,9.9900000000E+01,0.0000000000E+00
1451270400,6.2658619662E+00,1.0238977341E+03,9.9900000000E+01,0.0000000000E+00
1451271600,5.5816757078E+00,1.0243965627E+03,9.9900000000E+01,0.0000000000E+00
1451272800,5.0159165019E+00,1.0246000000E+03,9.9900000000E+01,0.0000000000E+00
1451274000,4.7471706915E+00,1.0248000000E+03,9.9900000000E+01,0.0000000000E+00
1451275200,4.3313482114E+00,1.0252964565E+03,9.9900000000E+01,0.0000000000E+00
1451276400,4.0346005509E+00,1.0257977879E+03,9.9900000000E+01,0.0000000000E+00
1451277600,3.5315593424E+00,1.0260977335E+03,9.9900000000E+01,0.0000000000E+00
1451278800,2.9969617112E+00,1.0262967389E+03,9.9900000000E+01,0.0000000000E+00
1451280000,2.6564107438E+00,1.0266000000E+03,9.9900000000E+01,0.0000000000E+00
1451281200,2.3627424422E+00,1.0269980126E+03,9.9900000000E+01,0.0000000000E+00
1451282400,2.0688780525E+00,1.0272985199E+03,9.9900000000E+01,0.0000000000E+00
1451283600,1.7846101504E+00,1.0277973520E+03,9.9900000000E+01,0.0000000000E+00
1451284800,1.5282511507E+00,1.0282978411E+03,9.9900000000E+01,0.0000000000E+00
1451286000,1.5249868932E+00,1.0286984631E+03,9.9900000000E+01,0.0000000000E+00
1451287200,1.5125023284E+00,1.0291993895E+03,9.9900000000E+01,7.9624885800E+00
1451288400,1.3783416214E+00,1.0297978658E+03,9.9900000000E+01,4.0740527400E+01
1451289600,1.3593183820E+00,1.0300978295E+03,9.9900000000E+01,6.7933259540E+01
1451290800,1.4593690754E+00,1.0303000000E+03,9.9900000000E+01,1.7942582748E+02
1451292000,1.5469821384E+00,1.0306989332E+03,9.9900000000E+01,3.4351527506E+02
1451293200,1.5594847455E+00,1.0309986812E+03,9.9900000000E+01,3.7190579528E+02
1451294400,1.5750203040E+00,1.0312000000E+03,9.9900000000E+01,2.7459173013E+02
1451295600,1.6061471096E+00,1.0314000000E+03,9.9900000000E+01,3.0566441464E+02
1451296800,1.5250476277E+00,1.0319978586E+03,9.9900000000E+01,3.0230352607E+02
1451298000,1.4531757292E+00,1.0319000000E+03,9.9900000000E+01,4.9060800576E+02
1451299200,1.5999622988E+00,1.0322974916E+03,9.9900000000E+01,3.8171853880E+02
1451300400,1.8874254657E+00,1.0323984622E+03,9.9900000000E+01,4.1527924378E+02
1451301600,1.8375749202E+00,1.0323000000E+03,9.9900000000E+01,7.8017416183E+02
1451302800,1.8875210765E+00,1.0324977057E+03,9.9900000000E+01,7.2337809891E+03
1451304000,2.0687116152E+00,1.0325019931E+03,9.9900000000E+01,1.5865660476E+04
1451305200,2.2529582013E+00,1.0328993485E+03,9.9900000000E+01,1.4463917020E+03
1451306400,2.3529918088E+00,1.0329981069E+03,9.9900000000E+01,1.9162107827E+03
1451307600,2.7184695552E+00,1.0332985629E+03,9.9900000000E+01,6.8792743524E+02
1451308800,2.9405690897E+00,1.0332010917E+03,9.9900000000E+01,6.3139746344E+02
1451310000,2.9593993820E+00,1.0333986827E+03,9.9900000000E+01,8.9602897115E+02
1451311200,3.1124718686E+00,1.0337941155E+03,9.9900000000E+01,7.9626778740E+02
1451312400,2.9312640124E+00,1.0337992659E+03,9.9900000000E+01,3.8095645782E+02
1451313600,2.8375505729E+00,1.0340989700E+03,9.9900000000E+01,5.0167005947E+01
1451314800,2.7437142876E+00,1.0341993825E+03,9.9900000000E+01,6.1073674667E+00
1451316000,2.7595162515E+00,1.0342993678E+03,9.9900000000E+01,1.2980203333E-02
1451317200,2.5000609755E+00,1.0344989752E+03,9.9900000000E+01,0.0000000000E+00
1451318400,2.3501522290E+00,1.0347969601E+03,9.9900000000E+01,0.0000000000E+00
1451319600,2.2095065089E+00,1.0348010715E+03,9.9900000000E+01,0.0000000000E+00
1451320800,2.0126296132E+00,1.0349000000E+03,9.9900000000E+01,0.0000000000E+00
1451322000,2.0561608201E+00,1.0350006742E+03,9.9900000000E+01,0.0000000000E+00
1451323200,2.0375438853E+00,1.0353000000E+03,9.9900000000E+01,0.0000000000E+00
1451324400,1.9908476759E+00,1.0354000000E+03,9.9900000000E+01,0.0000000000E+00
1451325600,1.9125099810E+00,1.0352993290E+03,9.9900000000E+01,0.0000000000E+00
1451326800,1.7344056831E+00,1.0351985016E+03,9.9900000000E+01,0.0000000000E+00
1451328000,1.7655687665E+00,1.0351993761E+03,9.9900000000E+01,0.0000000000E+00
1451329200,1.7750018447E+00,1.0351000000E+03,9.9900000000E+01,0.0000000000E+00
1451330400,1.8842836419E+00,1.0350021873E+03,9.9900000000E+01,0.0000000000E+00
1451331600,2.0623530300E+00,1.0351984469E+03,9.9900000000E+01,0.0000000000E+00
1451332800,1.9408348276E+00,1.0351000000E+03,9.9900000000E+01,0.0000000000E+00
1451334000,1.7624144315E+00,1.0349039237E+03,9.9900000000E+01,0.0000000000E+00
1451335200,2.0029864764E+00,1.0349000000E+03,9.9900000000E+01,0.0000000000E+00
1451336400,2.2155180913E+00,1.0348000000E+03,9.9900000000E+01,0.0000000000E+00
1451337600,2.3624107434E+00,1.0347000000E+03,9.9900000000E+01,0.0000000000E+00
1451338800,2.5155864584E+00,1.0347989447E+03,9.9900000000E+01,0.0000000000E+00
1451340000,2.6843082751E+00,1.0347969918E+03,9.9900000000E+01,0.0000000000E+00
1451341200,2.8125332974E+00,1.0348993146E+03,9.9900000000E+01,0.0000000000E+00
1451342400,2.8156443168E+00,1.0350000000E+03,9.9900000000E+01,0.0000000000E+00
1451343600,2.8624379367E+00,1.0350992862E+03,9.9900000000E+01,0.0000000000E+00
1451344800,2.9843101291E+00,1.0354000000E+03,9.9900000000E+01,0.0000000000E+00
1451346000,3.0343892392E+00,1.0354011447E+03,9.9900000000E+01,0.0000000000E+00
1451347200,3.0750208510E+00,1.0353000000E+03,9.9900000000E+01,0.0000000000E+00
1451348400,3.0562455060E+00,1.0351010149E+03,9.9900000000E+01,0.0000000000E+00
1451349600,2.9750407560E+00,1.0350988804E+03,9.9900000000E+01,0.0000000000E+00
1451350800,2.9343564185E+00,1.0348023156E+03,9.9900000000E+01,0.0000000000E+00
1451352000,2.9312551761E+00,1.0349988289E+03,9.9900000000E+01,0.0000000000E+00
1451353200,2.8751076685E+00,1.0350967748E+03,9.9900000000E+01,0.0000000000E+00
1451354400,2.7905969762E+00,1.0350990635E+03,9.9900000000E+01,0.0000000000E+00
1451355600,2.7563461659E+00,1.0351000000E+03,9.9900000000E+01,0.0000000000E+00
1451356800,2.7749848358E+00,1.0350006859E+03,9.9900000000E+01,0.0000000000E+00
1451358000,2.7344007647E+00,1.0348013255E+03,9.9900000000E+01,0.0000000000E+00
1451359200,2.6875000000E+00,1.0348000000E+03,9.9900000000E+01,0.0000000000E+00
1451360400,2.6812137128E+00,1.0348993819E+03,9.9900000000E+01,0.0000000000E+00
1451361600,2.6437053041E+00,1.0349006717E+03,9.9900000000E+01,0.0000000000E+00
1451362800,2.5999639347E+00,1.0347020907E+03,9.9900000000E+01,0.0000000000E+00
1451364000,2.6124726782E+00,1.0345010418E+03,9.9900000000E+01,0.0000000000E+00
1451365200,2.6312944185E+00,1.0344000000E+03,9.9900000000E+01,0.0000000000E+00
1451366400,2.5188231429E+00,1.0342007586E+03,9.9900000000E+01,0.0000000000E+00
1451367600,2.4501010161E+00,1.0343993692E+03,9.9900000000E+01,0.0000000000E+00
1451368800,2.3531658177E+00,1.0344000000E+03,9.9900000000E+01,0.0000000000E+00
1451370000,2.2594581010E+00,1.0344015603E+03,9.9900000000E+01,0.0000000000E+00
1451371200,2.1594297342E+00,1.0344000000E+03,9.9900000000E+01,0.0000000000E+00
1451372400,2.0718874050E+00,1.0344007343E+03,9.9900000000E+01,0.0000000000E+00
1451373600,1.9907509077E+00,1.0343989149E+03,9.9900000000E+01,2.9670073000E+00
1451374800,1.9656835819E+00,1.0345989694E+03,9.9900000000E+01,9.9686551900E+00
1451376000,1.9375000000E+00,1.0346000000E+03,9.9900000000E+01,1.6952828180E+01
1451377200,1.9062509852E+00,1.0345010769E+03,9.9900000000E+01,4.6847202833E+01
1451378400,1.8094077375E+00,1.0348944578E+03,9.9900000000E+01,7.3749136745E+01
1451379600,1.8062658977E+00,1.0346029445E+03,9.9900000000E+01,1.0085134792E+02
1451380800,1.8562260282E+00,1.0344021684E+03,9.9900000000E+01,1.2687930672E+02
1451382000,1.9124965529E+00,1.0343010734E+03,9.9900000000E+01,1.3592394589E+02
1451383200,1.9406425712E+00,1.0343985475E+03,9.9900000000E+01,1.8742827534E+02
1451384400,1.9437215451E+00,1.0344000000E+03,9.9900000000E+01,1.4705871617E+02
1451385600,1.9688312721E+00,1.0345989491E+03,9.9900000000E+01,1.5495739753E+02
1451386800,2.0499109024E+00,1.0346000000E+03,9.9900000000E+01,2.2585706665E+02
1451388000,2.1749674242E+00,1.0345014791E+03,9.9900000000E+01,2.0107465473E+02
1451389200,2.2343780462E+00,1.0342015090E+03,9.9900000000E+01,2.1858871957E+02
1451390400,2.2906804250E+00,1.0339011870E+03,9.9900000000E+01,2.2395196566E+02
1451391600,2.3687311135E+00,1.0339000000E+03,9.9900000000E+01,1.9111935920E+02
1451392800,2.3750000000E+00,1.0339000000E+03,9.9900000000E+01,1.6918996709E+02
1451394000,2.3593871427E+00,1.0338972400E+03,9.9900000000E+01,1.2813941040E+02
1451395200,2.3968982201E+00,1.0340000000E+03,9.9900000000E+01,8.9389118633E+01
1451396400,2.3844302695E+00,1.0340010876E+03,9.9900000000E+01,5.8088105653E+01
1451397600,2.3281417184E+00,1.0341000000E+03,9.9900000000E+01,3.6331885703E+01
1451398800,2.2998815548E+00,1.0341014615E+03,9.9900000000E+01,2.4059051467E+01
1451400000,2.2938437450E+00,1.0343000000E+03,9.9900000000E+01,7.1188902267E+00
1451401200,2.3531178630E+00,1.0345000000E+03,9.9900000000E+01,2.0134225633E+00
1451402400,2.3719001759E+00,1.0345993059E+03,9.9900000000E+01,0.0000000000E+00
1451403600,2.3780085527E+00,1.0343013912E+03,9.9900000000E+01,0.0000000000E+00
1451404800,2.3530863414E+00,1.0343982567E+03,9.9900000000E+01,0.0000000000E+00
1451406000,2.3750000000E+00,1.0344011777E+03,9.9900000000E+01,0.0000000000E+00
1451407200,2.3343472049E+00,1.0341013403E+03,9.9900000000E+01,0.0000000000E+00
1451408400,2.3749935495E+00,1.0342980363E+03,9.9900000000E+01,0.0000000000E+00
1451409600,2.2937977616E+00,1.0344000000E+03,9.9900000000E+01,0.0000000000E+00
1451410800,2.3718093191E+00,1.0346000000E+03,9.9900000000E+01,0.0000000000E+00
1451412000,2.4469299832E+00,1.0346000000E+03,9.9900000000E+01,0.0000000000E+00
1451413200,2.4437358407E+00,1.0346985669E+03,9.9900000000E+01,0.0000000000E+00
1451414400,2.4156011329E+00,1.0348000000E+03,9.9900000000E+01,0.0000000000E+00
1451415600,2.4344257178E+00,1.0347028931E+03,9.9900000000E+01,0.0000000000E+00
1451416800,2.4592609027E+00,1.0347992940E+03,9.9900000000E+01,0.0000000000E+00
1451418000,2.5125713427E+00,1.0347023945E+03,9.9900000000E+01,0.0000000000E+00
1451419200,2.5436892351E+00,1.0346000000E+03,9.9900000000E+01,0.0000000000E+00
1451420400,2.6842696640E+00,1.0346000000E+03,9.9900000000E+01,0.0000000000E+00
1451421600,2.8687468471E+00,1.0348986179E+03,9.9900000000E+01,0.0000000000E+00
1451422800,2.8719164384E+00,1.0350988817E+03,9.9900000000E+01,2.2649630000E-02
1451424000,2.9374893570E+00,1.0350993788E+03,9.9900000000E+01,0.0000000000E+00
1451425200,2.9406432100E+00,1.0351029580E+03,9.9900000000E+01,0.0000000000E+00
1451426400,2.9468767826E+00,1.0351987233E+03,9.9900000000E+01,0.0000000000E+00
1451427600,2.8375823126E+00,1.0349012447E+03,9.9900000000E+01,0.0000000000E+00
1451428800,2.7625207919E+00,1.0350989050E+03,9.9900000000E+01,0.0000000000E+00
1451430000,2.6938277278E+00,1.0352968831E+03,9.9900000000E+01,0.0000000000E+00
1451431200,2.6124520569E+00,1.0352989289E+03,9.9900000000E+01,0.0000000000E+00
1451432400,2.6062604084E+00,1.0356960898E+03,9.9900000000E+01,0.0000000000E+00
1451433600,2.6030481283E+00,1.0355006495E+03,9.9900000000E+01,0.0000000000E+00
1451434800,2.6468447650E+00,1.0352071144E+03,9.9900000000E+01,0.0000000000E+00
1451436000,2.5562887912E+00,1.0352000000E+03,9.9900000000E+01,0.0000000000E+00
1451437200,2.5280428617E+00,1.0352006812E+03,9.9900000000E+01,0.0000000000E+00
1451438400,2.5812195245E+00,1.0352000000E+03,9.9900000000E+01,0.0000000000E+00
1451439600,2.6561933105E+00,1.0349022542E+03,9.9900000000E+01,0.0000000000E+00
1451440800,2.7031663298E+00,1.0347985091E+03,9.9900000000E+01,0.0000000000E+00
1451442000,2.7561367452E+00,1.0347000000E+03,9.9900000000E+01,0.0000000000E+00
1451443200,2.7843284240E+00,1.0349000000E+03,9.9900000000E+01,0.0000000000E+00
1451444400,2.7501096055E+00,1.0346019626E+03,9.9900000000E+01,0.0000000000E+00
1451445600,2.6782063614E+00,1.0345030019E+03,9.9900000000E+01,0.0000000000E+00
1451446800,2.6219086392E+00,1.0344986559E+03,9.9900000000E+01,0.0000000000E+00
1451448000,2.5563418116E+00,1.0346007148E+03,9.9900000000E+01,0.0000000000E+00
1451449200,2.5187377074E+00,1.0346000000E+03,9.9900000000E+01,0.0000000000E+00
1451450400,2.4374817649E+00,1.0345006158E+03,9.9900000000E+01,0.0000000000E+00
1451451600,2.3968276051E+00,1.0344000000E+03,9.9900000000E+01,0.0000000000E+00
1451452800,2.3780903435E+00,1.0344006672E+03,9.9900000000E+01,0.0000000000E+00
1451454000,2.3125139505E+00,1.0344000000E+03,9.9900000000E+01,0.0000000000E+00
1451455200,2.2125208979E+00,1.0344984402E+03,9.9900000000E+01,0.0000000000E+00
1451456400,2.1312679341E+00,1.0342015578E+03,9.9900000000E+01,0.0000000000E+00
1451457600,2.0500429207E+00,1.0341980215E+03,9.9900000000E+01,0.0000000000E+00
1451458800,2.0157149577E+00,1.0342011259E+03,9.9900000000E+01,0.0000000000E+00
1451460000,1.9782361828E+00,1.0341029921E+03,9.9900000000E+01,4.9546993950E+00
1451461200,1.9812453394E+00,1.0342985276E+03,9.9900000000E+01,2.3806790468E+01
1451462400,1.9593955972E+00,1.0344000000E+03,9.9900000000E+01,1.1744176366E+02
1451463600,1.8126430915E+00,1.0344980923E+03,9.9900000000E+01,6.2859839571E+02
1451464800,1.7093996949E+00,1.0340018983E+03,9.9900000000E+01,4.2634973733E+03
1451466000,1.7562017759E+00,1.0337010954E+03,9.9900000000E+01,3.2537709658E+02
1451467200,1.9311586951E+00,1.0338989066E+03,9.9900000000E+01,2.2518826656E+02
1451468400,2.0406184777E+00,1.0334056118E+03,9.9900000000E+01,2.0073613010E+02
1451469600,2.1124106792E+00,1.0335993629E+03,9.9900000000E+01,2.2593496645E+02
1451470800,2.1312725607E+00,1.0334993153E+03,9.9900000000E+01,2.3691617022E+02
1451472000,2.1405632266E+00,1.0336988795E+03,9.9900000000E+01,2.1592058324E+02
1451473200,2.0844351564E+00,1.0335000000E+03,9.9900000000E+01,2.0810369180E+02
1451474400,2.0593570482E+00,1.0335981986E+03,9.9900000000E+01,2.2439936650E+02
1451475600,2.0531187452E+00,1.0333046703E+03,9.9900000000E+01,2.3704698505E+02
1451476800,2.0593568592E+00,1.0330027832E+03,9.9900000000E+01,3.2764546367E+02
1451478000,2.0969199544E+00,1.0329006864E+03,9.9900000000E+01,2.8402098968E+02
1451479200,2.0313207927E+00,1.0325007034E+03,9.9900000000E+01,2.3619451569E+02
1451480400,2.0217936052E+00,1.0322037826E+03,9.9900000000E+01,2.7858041882E+02
1451481600,1.9875254424E+00,1.0322000000E+03,9.9900000000E+01,4.1363948473E+02
1451482800,1.9094643982E+00,1.0321011031E+03,9.9900000000E+01,4.4529612673E+02
1451484000,1.7907306953E+00,1.0320000000E+03,9.9900000000E+01,5.4611619600E+02
1451485200,1.5282272484E+00,1.0318030779E+03,9.9900000000E+01,2.6388098554E+02
1451486400,1.2876395548E+00,1.0317983618E+03,9.9900000000E+01,8.6289303730E+01
1451487600,1.1375440174E+00,1.0316007077E+03,9.9900000000E+01,2.1180285583E+01
1451488800,1.1156225279E+00,1.0315000000E+03,9.9900000000E+01,2.0471702333E+00
1451490000,1.1343781744E+00,1.0313012684E+03,9.9900000000E+01,0.0000000000E+00
1451491200,1.1780932156E+00,1.0309012602E+03,7.9830096147E+01,0.0000000000E+00
1451492400,1.2406232295E+00,1.0307000000E+03,7.5231828299E+01,0.0000000000E+00
1451493600,1.2593702055E+00,1.0304006540E+03,7.2006674005E+01,0.0000000000E+00
1451494800,1.3062551813E+00,1.0302000000E+03,7.1098749918E+01,0.0000000000E+00
1451496000,1.3093565914E+00,1.0301000000E+03,7.0303851084E+01,0.0000000000E+00
1451497200,1.2250296313E+00,1.0300006403E+03,7.0805230881E+01,0.0000000000E+00
1451498400,1.1968703027E+00,1.0300000000E+03,7.1487890995E+01,0.0000000000E+00
1451499600,1.2280413602E+00,1.0296022595E+03,7.0208006856E+01,0.0000000000E+00
1451500800,1.2250752120E+00,1.0292013009E+03,6.9405310425E+01,0.0000000000E+00
1451502000,1.1718794956E+00,1.0290006594E+03,7.0689903810E+01,0.0000000000E+00
1451503200,1.2250618198E+00,1.0287022791E+03,7.0890730608E+01,0.0000000000E+00
1451504400,1.2281006092E+00,1.0283045826E+03,7.0983862941E+01,0.0000000000E+00
1451505600,1.2374169384E+00,1.0281019981E+03,7.1391951434E+01,0.0000000000E+00
1451506800,1.2093542242E+00,1.0281000000E+03,7.1790021053E+01,0.0000000000E+00
1451508000,1.1312462344E+00,1.0282000000E+03,7.3078776539E+01,0.0000000000E+00
1451509200,1.0843948183E+00,1.0283000000E+03,7.4595767665E+01,0.0000000000E+00
1451510400,1.0594087054E+00,1.0279019621E+03,7.4798665151E+01,0.0000000000E+00
1451511600,9.7817408333E-01,1.0276012155E+03,7.5700000000E+01,0.0000000000E+00
1451512800,8.4061252828E-01,1.0272020718E+03,7.9488032490E+01,0.0000000000E+00
1451514000,7.8448713760E-01,1.0270015297E+03,8.1193824751E+01,0.0000000000E+00
1451515200,7.2816471583E-01,1.0267030719E+03,8.2573653247E+01,0.0000000000E+00
1451516400,6.6562285161E-01,1.0267000000E+03,8.3296068956E+01,0.0000000000E+00
1451517600,6.0629323688E-01,1.0266000000E+03,8.4196675705E+01,0.0000000000E+00
1451518800,5.4375429672E-01,1.0267000000E+03,8.6790060929E+01,0.0000000000E+00
1451520000,5.2183507120E-01,1.0265000000E+03,8.8193564779E+01,0.0000000000E+00
1451521200,4.9068118823E-01,1.0260034077E+03,9.0586198290E+01,0.0000000000E+00
1451522400,4.3132370411E-01,1.0258011668E+03,9.1503542483E+01,0.0000000000E+00
1451523600,3.5939574594E-01,1.0254010391E+03,9.2094722129E+01,0.0000000000E+00
1451524800,3.3125297844E-01,1.0251031670E+03,9.3385624182E+01,0.0000000000E+00
1451526000,3.4377613177E-01,1.0248006101E+03,9.2606867868E+01,0.0000000000E+00
1451527200,3.9993716302E-01,1.0247000000E+03,9.2209637071E+01,0.0000000000E+00
1451528400,5.5935903630E-01,1.0243029121E+03,8.8914700007E+01,0.0000000000E+00
1451529600,6.8742900375E-01,1.0241019091E+03,8.5909611544E+01,0.0000000000E+00
1451530800,7.8743244984E-01,1.0240012128E+03,8.3103717234E+01,0.0000000000E+00
1451532000,8.0940896255E-01,1.0239000000E+03,8.2914114123E+01,0.0000000000E+00
1451533200,7.9688970312E-01,1.0234031420E+03,8.5266706421E+01,0.0000000000E+00
1451534400,8.0935680417E-01,1.0231014611E+03,8.7486724985E+01,0.0000000000E+00
1451535600,8.0312309599E-01,1.0227033063E+03,8.9578791142E+01,0.0000000000E+00
1451536800,7.9998002068E-01,1.0225000000E+03,8.9992967408E+01,0.0000000000E+00
1451538000,8.1873209807E-01,1.0221019709E+03,8.9288084833E+01,0.0000000000E+00
1451539200,9.0928458240E-01,1.0218029377E+03,8.6925204583E+01,0.0000000000E+00
1451540400,9.5311896401E-01,1.0216010809E+03,8.7891241899E+01,0.0000000000E+00
1451541600,9.9695282312E-01,1.0214005990E+03,8.7800000000E+01,0.0000000000E+00
1451542800,1.0592732483E+00,1.0215000000E+03,8.5324125185E+01,0.0000000000E+00
1451544000,1.0719086291E+00,1.0214000000E+03,8.3800000000E+01,0.0000000000E+00
1451545200,1.1123986376E+00,1.0213013611E+03,8.1718048342E+01,7.9583499800E+00
1451546400,1.2156263391E+00,1.0212992930E+03,8.1099279494E+01,9.6574901460E+01
1451547600,1.2500475402E+00,1.0216980559E+03,8.2688755495E+01,3.1841793148E+02
1451548800,1.1001040760E+00,1.0217021018E+03,8.4997870585E+01,9.0731693752E+02
1451550000,1.1155753544E+00,1.0217977971E+03,8.5903743774E+01,4.4226521751E+03
1451551200,1.2031930004E+00,1.0215006551E+03,8.5599327485E+01,6.4066391804E+03
1451552400,1.4403135214E+00,1.0212014645E+03,8.1714718353E+01,1.1292870349E+04
1451553600,1.6842717005E+00,1.0211013121E+03,7.9713698674E+01,1.8033777822E+04
1451554800,1.9873287355E+00,1.0210000000E+03,7.3329632410E+01,2.6446781028E+04
1451556000,2.1530275505E+00,1.0208000000E+03,6.9023760149E+01,3.2252908148E+04
1451557200,2.2748589599E+00,1.0208000000E+03,6.6637439087E+01,3.2035059546E+04
1451558400,2.3593052966E+00,1.0205021832E+03,6.5086727150E+01,2.9233295589E+04
1451559600,2.3562072645E+00,1.0203989067E+03,6.1632842727E+01,3.4424808619E+04
1451560800,2.3314334538E+00,1.0203000000E+03,5.9995222745E+01,2.8472450229E+04
1451562000,2.2438276164E+00,1.0202000000E+03,5.8510305338E+01,7.5975838081E+03
1451563200,2.1438737523E+00,1.0204978817E+03,5.8897010408E+01,5.9365365504E+03
1451564400,2.0501293218E+00,1.0206000000E+03,5.9980640550E+01,2.3360605902E+04
1451565600,2.0406671040E+00,1.0202007201E+03,5.8605303098E+01,3.4541377157E+03
1451566800,1.9593320155E+00,1.0204000000E+03,5.8209652863E+01,2.1755641293E+03
1451568000,1.7813627367E+00,1.0206991776E+03,6.0288664650E+01,1.5361537165E+03
1451569200,2.3226927115E+00,1.0206978677E+03,6.0021003920E+01,9.2750433832E+02
1451570400,1.3190760845E+00,1.0208988871E+03,6.0888440602E+01,4.5459519697E+02
1451571600,1.1345884071E+00,1.0210000000E+03,6.4385375139E+01,2.2915873901E+02
1451572800,8.2529309432E-01,1.0210976848E+03,6.8873505184E+01,7.5782801392E+01
1451574000,6.3214990339E-01,1.0212979481E+03,7.2362383543E+01,2.0376164570E+01
1451575200,5.4019397652E-01,1.0214993246E+03,7.5189677196E+01,2.0317624733E+00
1451576400,6.2191768609E-01,1.0217980912E+03,7.3907143899E+01,0.0000000000E+00
1451577600,8.7796492901E-01,1.0217006316E+03,7.3602578286E+01,0.0000000000E+00
1451578800,1.0466919405E+00,1.0217000000E+03,7.3097084584E+01,0.0000000000E+00
1451580000,1.1717865307E+00,1.0216992695E+03,7.3200000000E+01,1.4874663333E-02
1451581200,1.2718818710E+00,1.0218000000E+03,7.4296518871E+01,1.3924516667E-02
1451582400,1.3249486793E+00,1.0217020930E+03,8.4531293005E+01,1.9778364533E+00
1451583600,1.1030536438E+00,1.0216962889E+03,9.8282239340E+01,2.0000000000E+00
1451584800,1.0218903179E+00,1.0220000000E+03,9.9900000000E+01,0.0000000000E+00
1451586000,1.0593610926E+00,1.0221986338E+03,9.9900000000E+01,1.9851922767E+00
1451587200,1.1998645887E+00,1.0221006922E+03,9.9900000000E+01,1.4105746667E-02
1451588400,1.2530925790E+00,1.0220000000E+03,9.9900000000E+01,0.0000000000E+00
1451589600,1.3279481261E+00,1.0220006671E+03,9.9900000000E+01,0.0000000000E+00
1451590800,1.2593943321E+00,1.0220018777E+03,9.9900000000E+01,0.0000000000E+00
1451592000,1.3062564584E+00,1.0219985047E+03,9.9900000000E+01,0.0000000000E+00
1451593200,1.4280995233E+00,1.0220988759E+03,9.9900000000E+01,0.0000000000E+00
1451594400,1.5281254685E+00,1.0221984103E+03,9.9900000000E+01,0.0000000000E+00
1451595600,1.6249947197E+00,1.0222984110E+03,9.9900000000E+01,0.0000000000E+00
1451596800,1.7374815846E+00,1.0222006174E+03,9.9900000000E+01,2.0000000000E+00
1451598000,1.9029949948E+00,1.0223989113E+03,9.9900000000E+01,2.0000000000E+00
1451599200,1.9687988022E+00,1.0222039025E+03,9.9900000000E+01,0.0000000000E+00
1451600400,2.0187181090E+00,1.0223000000E+03,9.9900000000E+01,1.9712067233E+00
1451601600,2.0499551005E+00,1.0222014736E+03,9.9900000000E+01,2.0000000000E+00
1451602800,2.1093177334E+00,1.0224000000E+03,9.9900000000E+01,2.9353536667E-02
1451604000,2.1218559565E+00,1.0224982334E+03,9.9900000000E+01,2.0000000000E+00
1451605200,2.0937533524E+00,1.0225000000E+03,9.9900000000E+01,2.0000000000E+00
1451606400,2.1842254762E+00,1.0226000000E+03,9.9900000000E+01,2.0000000000E+00
1451607600,2.2562604038E+00,1.0227000000E+03,9.9900000000E+01,2.0000000000E+00
1451608800,2.2999093118E+00,1.0226000000E+03,9.9900000000E+01,2.0000000000E+00
1451610000,2.3438295609E+00,1.0225000000E+03,9.9900000000E+01,2.0000000000E+00
1451611200,2.4562645492E+00,1.0226000000E+03,9.9900000000E+01,2.0000000000E+00
1451612400,2.4312540006E+00,1.0227000000E+03,9.9900000000E+01,2.0000000000E+00
1451613600,2.5062293410E+00,1.0227993962E+03,9.9900000000E+01,2.0000000000E+00
1451614800,2.5592531753E+00,1.0227000000E+03,9.9900000000E+01,0.0000000000E+00
1451616000,2.6467609847E+00,1.0227018953E+03,9.9900000000E+01,0.0000000000E+00
1451617200,2.6906493191E+00,1.0228013794E+03,9.9900000000E+01,0.0000000000E+00
1451618400,2.7186744191E+00,1.0228000000E+03,9.9900000000E+01,0.0000000000E+00
1451619600,2.7812337558E+00,1.0228992837E+03,9.9900000000E+01,0.0000000000E+00
1451620800,2.8750110113E+00,1.0227984862E+03,9.9900000000E+01,0.0000000000E+00
1451622000,3.0186781496E+00,1.0227000000E+03,9.9900000000E+01,0.0000000000E+00
1451623200,3.0750004934E+00,1.0226011774E+03,9.9900000000E+01,0.0000000000E+00
1451624400,3.2374751769E+00,1.0228000000E+03,9.9900000000E+01,0.0000000000E+00
1451625600,3.2467650146E+00,1.0228984480E+03,9.9900000000E+01,0.0000000000E+00
1451626800,3.1781584806E+00,1.0228993478E+03,9.9900000000E+01,0.0000000000E+00
1451628000,3.1187662126E+00,1.0228990109E+03,9.9900000000E+01,0.0000000000E+00
1451629200,3.1656021652E+00,1.0230000000E+03,9.9900000000E+01,0.0000000000E+00
1451630400,3.2373737991E+00,1.0231993162E+03,9.9900000000E+01,0.0000000000E+00
1451631600,3.3781040836E+00,1.0231000000E+03,9.9900000000E+01,0.0000000000E+00
1451632800,3.3157193948E+00,1.0232000000E+03,9.9900000000E+01,3.9681518667E+00
1451634000,3.1219280597E+00,1.0233988585E+03,9.9900000000E+01,2.0872746298E+01
1451635200,3.1374552609E+00,1.0234000000E+03,9.9900000000E+01,6.0802955053E+01
1451636400,3.1249467109E+00,1.0235988328E+03,9.9900000000E+01,9.3816211550E+01
1451637600,3.2842781111E+00,1.0234000000E+03,9.9900000000E+01,1.9106774112E+02
1451638800,3.5310498776E+00,1.0236000000E+03,9.9900000000E+01,2.2447690089E+02
1451640000,3.6781160299E+00,1.0237988813E+03,9.9900000000E+01,2.3231953892E+02
1451641200,3.7592767197E+00,1.0239992773E+03,9.9900000000E+01,3.3674243348E+02
1451642400,3.8374694802E+00,1.0241993636E+03,9.9900000000E+01,3.1179776422E+02
1451643600,3.9061496979E+00,1.0240984727E+03,9.9900000000E+01,2.6661966216E+02
1451644800,4.0935442338E+00,1.0241988540E+03,9.9900000000E+01,2.4824353238E+02
1451646000,4.3124691521E+00,1.0242992554E+03,9.9900000000E+01,3.1961336645E+02
1451647200,4.4938242613E+00,1.0243011619E+03,9.9900000000E+01,2.4202085463E+02
1451648400,4.4405545075E+00,1.0244000000E+03,9.9900000000E+01,2.8993223431E+02
1451649600,4.4280380047E+00,1.0243000000E+03,9.9900000000E+01,2.1409948220E+02
1451650800,4.5032445691E+00,1.0243000000E+03,9.9900000000E+01,2.6956060952E+02
1451652000,4.5249577832E+00,1.0244000000E+03,9.9900000000E+01,2.9815935791E+02
1451653200,4.5812536266E+00,1.0244993702E+03,9.9900000000E+01,2.4136120177E+02
1451654400,4.6123943824E+00,1.0245010617E+03,9.9900000000E+01,1.8013530702E+02
1451655600,4.5375163025E+00,1.0246000000E+03,9.9900000000E+01,2.9966689816E+02
1451656800,4.4687602048E+00,1.0248975977E+03,9.9900000000E+01,1.4464127267E+02
1451658000,4.3656193076E+00,1.0250988625E+03,9.9900000000E+01,7.1191556453E+01
1451659200,4.2001430694E+00,1.0251992794E+03,9.9900000000E+01,3.3176165040E+01
1451660400,3.8470835826E+00,1.0251985619E+03,9.9900000000E+01,9.0732146500E+00
1451661600,3.7311160241E+00,1.0254952063E+03,9.9900000000E+01,3.3189993333E-02
1451662800,3.6251164443E+00,1.0253011366E+03,9.9900000000E+01,0.0000000000E+00
1451664000,3.5405731182E+00,1.0254985846E+03,9.9900000000E+01,0.0000000000E+00
1451665200,3.3906862358E+00,1.0255992335E+03,9.9900000000E+01,0.0000000000E+00
1451666400,3.3031674411E+00,1.0257000000E+03,9.9900000000E+01,0.0000000000E+00
1451667600,3.2343979343E+00,1.0258984771E+03,9.9900000000E+01,0.0000000000E+00
1451668800,3.2280916861E+00,1.0259000000E+03,9.9900000000E+01,0.0000000000E+00
1451670000,3.1626065125E+00,1.0258010774E+03,9.9900000000E+01,0.0000000000E+00
1451671200,3.0001680228E+00,1.0257021786E+03,9.9900000000E+01,0.0000000000E+00
1451672400,2.6501406182E+00,1.0256011233E+03,9.9900000000E+01,0.0000000000E+00
1451673600,2.5249344822E+00,1.0257978885E+03,9.9900000000E+01,0.0000000000E+00
1451674800,2.5031933831E+00,1.0259989376E+03,9.9900000000E+01,0.0000000000E+00
1451676000,2.4405048631E+00,1.0261000000E+03,9.9900000000E+01,0.0000000000E+00
1451677200,2.3500782481E+00,1.0261993220E+03,9.9900000000E+01,0.0000000000E+00
1451678400,2.2531445426E+00,1.0262000000E+03,9.9900000000E+01,0.0000000000E+00
1451679600,2.1624605908E+00,1.0264984539E+03,9.9900000000E+01,0.0000000000E+00
1451680800,2.0812924451E+00,1.0266993029E+03,9.9900000000E+01,0.0000000000E+00
1451682000,1.9969441739E+00,1.0267000000E+03,9.9900000000E+01,0.0000000000E+00
1451683200,1.8814139166E+00,1.0266017680E+03,9.9900000000E+01,0.0000000000E+00
1451684400,1.7187245375E+00,1.0267000000E+03,9.9900000000E+01,0.0000000000E+00
1451685600,1.7030488117E+00,1.0267000000E+03,9.9900000000E+01,0.0000000000E+00
1451686800,1.7157376078E+00,1.0266000000E+03,9.9900000000E+01,0.0000000000E+00
1451688000,1.5968816065E+00,1.0266984915E+03,9.9900000000E+01,0.0000000000E+00
1451689200,1.4563091919E+00,1.0267000000E+03,9.9900000000E+01,0.0000000000E+00
1451690400,1.2876457993E+00,1.0268000000E+03,9.9900000000E+01,0.0000000000E+00
1451691600,1.0845135646E+00,1.0267993272E+03,9.9900000000E+01,0.0000000000E+00
1451692800,8.9075291188E-01,1.0266012886E+03,9.9900000000E+01,0.0000000000E+00
1451694000,5.6264600833E-01,1.0267986397E+03,9.9900000000E+01,0.0000000000E+00
1451695200,2.5041061000E-01,1.0269000000E+03,9.8817078314E+01,0.0000000000E+00
1451696400,-4.9592508906E-02,1.0270975826E+03,9.9607455492E+01,0.0000000000E+00
1451697600,-2.9064350828E-01,1.0272979539E+03,9.9900000000E+01,0.0000000000E+00
1451698800,-4.2782373552E-01,1.0273000000E+03,9.9900000000E+01,0.0000000000E+00
1451700000,-5.3747152443E-01,1.0273993543E+03,9.7612896271E+01,0.0000000000E+00
1451701200,-5.7498064786E-01,1.0275986481E+03,9.7707903931E+01,0.0000000000E+00
1451702400,-5.9689484260E-01,1.0276000000E+03,9.0016763435E+01,0.0000000000E+00
1451703600,-6.2826289547E-01,1.0275984116E+03,9.0003284802E+01,0.0000000000E+00
1451704800,-7.1866065833E-01,1.0275007445E+03,9.0505369442E+01,0.0000000000E+00
1451706000,-8.1249709245E-01,1.0273006511E+03,8.4820196910E+01,0.0000000000E+00
1451707200,-1.0123348367E+00,1.0274000000E+03,8.7550921762E+01,0.0000000000E+00
1451708400,-1.1468822266E+00,1.0274000000E+03,8.5513849303E+01,0.0000000000E+00
1451709600,-1.1843573393E+00,1.0274000000E+03,8.5790329189E+01,0.0000000000E+00
1451710800,-1.2000041095E+00,1.0274010700E+03,8.6589158000E+01,0.0000000000E+00
1451712000,-1.2343836658E+00,1.0275000000E+03,8.7093671648E+01,0.0000000000E+00
1451713200,-1.2906316966E+00,1.0275000000E+03,8.7292059714E+01,0.0000000000E+00
1451714400,-1.3499381939E+00,1.0276977792E+03,8.7978635735E+01,0.0000000000E+00
1451715600,-1.3468629116E+00,1.0277993175E+03,9.0789636477E+01,0.0000000000E+00
1451716800,-1.4499320614E+00,1.0278986377E+03,9.3497914903E+01,0.0000000000E+00
1451718000,-1.7716710578E+00,1.0280006615E+03,9.1504738627E+01,0.0000000000E+00
1451719200,-2.1903333234E+00,1.0282989126E+03,8.4598845393E+01,2.9653617950E+00
1451720400,-2.6029288694E+00,1.0284988927E+03,8.6292144715E+01,1.2921447155E+01
1451721600,-2.9248636091E+00,1.0287969755E+03,8.5232040761E+01,3.2771137425E+01
1451722800,-3.1250043105E+00,1.0286000000E+03,8.8693298335E+01,4.7932983345E+01
1451724000,-3.0437443338E+00,1.0286989401E+03,9.0984967309E+01,7.5914098907E+01
1451725200,-3.0406441617E+00,1.0288000000E+03,9.2103462838E+01,1.2483378376E+02
1451726400,-2.8938932491E+00,1.0287000000E+03,8.5623558193E+01,1.6396750594E+02
1451727600,-2.6625539051E+00,1.0285010905E+03,9.2061345994E+01,1.4687851598E+02
1451728800,-2.6000622880E+00,1.0285993488E+03,9.5107319910E+01,1.8583363842E+02
1451730000,-2.6093388182E+00,1.0284000000E+03,9.2710571877E+01,1.8058732650E+02
1451731200,-2.6436523108E+00,1.0284019071E+03,9.5369268624E+01,3.1957990414E+02
1451732400,-2.7000222753E+00,1.0283014078E+03,8.9015780101E+01,4.0674895293E+02
1451733600,-2.6561044785E+00,1.0285019606E+03,9.0865587316E+01,3.2537247459E+02
1451734800,-2.6625811282E+00,1.0284000000E+03,8.4928227096E+01,4.0593225497E+02
1451736000,-2.6749594612E+00,1.0283021781E+03,8.7088961788E+01,5.1134874551E+02
1451737200,-2.8436966320E+00,1.0282993155E+03,8.8094757111E+01,5.9722833403E+02
1451738400,-3.0279552240E+00,1.0283977477E+03,8.5167992610E+01,1.0629398688E+03
1451739600,-3.1999503268E+00,1.0283989132E+03,8.4383488503E+01,3.4849534492E+02
1451740800,-3.4936674120E+00,1.0285000000E+03,8.6705211635E+01,2.5646160199E+02
1451742000,-3.5968401526E+00,1.0284993038E+03,8.4512063061E+01,1.8824126122E+02
1451743200,-3.6874786128E+00,1.0283010852E+03,8.8154931262E+01,9.7406717875E+01
1451744400,-3.8686245322E+00,1.0283010900E+03,9.0286182350E+01,7.4414529500E+01
1451745600,-4.0031649838E+00,1.0283000000E+03,8.2631295956E+01,2.4253639915E+01
1451746800,-3.9501732146E+00,1.0283014795E+03,8.0723902195E+01,6.0597554867E+00
1451748000,-3.9280931786E+00,1.0282011772E+03,8.0626545860E+01,2.0147477000E+00
1451749200,-4.0158595495E+00,1.0282967184E+03,8.0610047432E+01,0.0000000000E+00
1451750400,-4.0124653491E+00,1.0282030207E+03,8.2390859097E+01,0.0000000000E+00
1451751600,-3.9593946545E+00,1.0281000000E+03,8.2950463171E+01,0.0000000000E+00
1451752800,-3.9532317551E+00,1.0282000000E+03,8.0392059853E+01,0.0000000000E+00
1451754000,-3.9249791944E+00,1.0283006684E+03,8.0508182348E+01,0.0000000000E+00
1451755200,-3.9031994207E+00,1.0281980117E+03,7.9580851418E+01,0.0000000000E+00
1451756400,-3.8531229795E+00,1.0282989330E+03,7.8974064132E+01,0.0000000000E+00
1451757600,-3.8031191121E+00,1.0282977603E+03,8.0678456875E+01,0.0000000000E+00
1451758800,-3.7531540031E+00,1.0282969535E+03,7.8422155616E+01,0.0000000000E+00
1451760000,-3.6999528725E+00,1.0283000000E+03,7.7100676812E+01,0.0000000000E+00
1451761200,-3.7592764497E+00,1.0284000000E+03,8.0894190032E+01,0.0000000000E+00
1451762400,-3.8936073553E+00,1.0284006730E+03,7.6525604682E+01,0.0000000000E+00
1451763600,-3.9375000000E+00,1.0284000000E+03,7.6193694631E+01,0.0000000000E+00
1451764800,-3.9250198130E+00,1.0284000000E+03,7.9196538736E+01,0.0000000000E+00
1451766000,-3.8406232323E+00,1.0283000000E+03,7.6322895807E+01,0.0000000000E+00
1451767200,-3.8812337672E+00,1.0282006914E+03,7.5404939940E+01,0.0000000000E+00
1451768400,-3.8313075941E+00,1.0278034141E+03,7.2217276610E+01,0.0000000000E+00
1451769600,-3.8281091028E+00,1.0280000000E+03,7.2237939488E+01,0.0000000000E+00
1451770800,-4.1654057887E+00,1.0280993038E+03,7.5794323003E+01,0.0000000000E+00
1451772000,-4.4686568893E+00,1.0281000000E+03,7.7390359313E+01,0.0000000000E+00
1451773200,-4.5843997566E+00,1.0279013699E+03,8.3155511926E+01,0.0000000000E+00
1451774400,-4.5250575882E+00,1.0279000000E+03,8.6787825152E+01,0.0000000000E+00
1451775600,-4.3532800757E+00,1.0277014823E+03,8.7498503833E+01,0.0000000000E+00
1451776800,-4.1219591414E+00,1.0276984473E+03,7.9748251955E+01,0.0000000000E+00
1451778000,-4.0499550342E+00,1.0277000000E+03,8.4474078896E+01,0.0000000000E+00
1451779200,-4.2499141383E+00,1.0275011035E+03,8.9073182172E+01,0.0000000000E+00
1451780400,-4.3873783460E+00,1.0274006757E+03,8.9499268586E+01,0.0000000000E+00
1451781600,-4.5249098671E+00,1.0273000000E+03,8.8402548908E+01,0.0000000000E+00
1451782800,-4.6031848280E+00,1.0272010428E+03,8.8598942922E+01,0.0000000000E+00
1451784000,-4.5281519070E+00,1.0271011284E+03,9.0403564290E+01,0.0000000000E+00
1451785200,-4.4593964473E+00,1.0270000000E+03,9.3168778268E+01,0.0000000000E+00
1451786400,-4.3625664891E+00,1.0269006257E+03,8.9810236352E+01,0.0000000000E+00
1451787600,-4.3281021134E+00,1.0268006710E+03,8.7714561043E+01,0.0000000000E+00
1451788800,-4.2343838722E+00,1.0265013950E+03,7.7543344658E+01,0.0000000000E+00
1451790000,-4.1687494642E+00,1.0266000000E+03,7.4014504356E+01,0.0000000000E+00
1451791200,-4.2437502310E+00,1.0265010808E+03,7.2809109487E+01,0.0000000000E+00
1451792400,-4.2999611779E+00,1.0262007082E+03,7.5191339504E+01,0.0000000000E+00
1451793600,-4.3936090259E+00,1.0261010879E+03,8.3309633759E+01,0.0000000000E+00
1451794800,-4.6498813609E+00,1.0259015857E+03,8.4380233864E+01,0.0000000000E+00
1451796000,-4.7000193780E+00,1.0257014195E+03,8.3800723125E+01,0.0000000000E+00
1451797200,-4.7467914927E+00,1.0256006174E+03,8.2101263030E+01,0.0000000000E+00
1451798400,-4.8812259472E+00,1.0255000000E+03,8.0410969885E+01,0.0000000000E+00
1451799600,-4.9531591762E+00,1.0253000000E+03,7.7134792653E+01,0.0000000000E+00
1451800800,-5.0217773051E+00,1.0252000000E+03,6.8123833813E+01,0.0000000000E+00
1451802000,-5.1155273639E+00,1.0249007721E+03,6.7004446187E+01,0.0000000000E+00
1451803200,-5.1187384230E+00,1.0247029393E+03,6.5602966514E+01,0.0000000000E+00
1451804400,-5.1406660910E+00,1.0245015010E+03,6.5387880495E+01,8.8939543283E+00
1451805600,-5.1218572031E+00,1.0245993725E+03,6.4197235583E+01,6.6737380417E+01
1451806800,-5.1655660456E+00,1.0246000000E+03,6.3897510550E+01,3.0202911450E+02
1451808000,-5.1905916050E+00,1.0243013734E+03,6.3784739876E+01,7.0897572088E+02
1451809200,-5.0907094775E+00,1.0242007505E+03,6.3698390462E+01,7.5510622842E+03
1451810400,-4.9719761456E+00,1.0241000000E+03,6.1912058219E+01,1.7875988606E+04
1451811600,-4.8000048777E+00,1.0239006372E+03,5.9217007766E+01,2.5681409854E+04
1451812800,-4.6375738038E+00,1.0235000000E+03,5.7709471549E+01,3.2216199572E+04
1451814000,-4.4625449749E+00,1.0234028339E+03,5.5822783179E+01,3.8644387023E+04
1451815200,-4.2532485342E+00,1.0229022866E+03,5.5096528126E+01,4.0086981584E+04
1451816400,-4.1031588165E+00,1.0227014203E+03,5.2213825047E+01,4.0000000000E+04
1451817600,-3.9625498002E+00,1.0222021235E+03,4.6824538412E+01,4.0000000000E+04
1451818800,-3.9500732950E+00,1.0219011079E+03,4.6107855071E+01,4.0000000000E+04
1451820000,-3.9187916062E+00,1.0216021864E+03,4.9272291644E+01,4.0000000000E+04
1451821200,-3.8469353633E+00,1.0210042567E+03,5.0096766703E+01,5.0220872210E+03
1451822400,-3.8219581250E+00,1.0206038582E+03,5.1998699819E+01,4.9161622790E+03
1451823600,-3.7781034808E+00,1.0205031322E+03,5.0990267225E+01,3.6467806111E+04
1451824800,-3.8965855048E+00,1.0204000000E+03,5.1187029853E+01,2.2195108783E+03
1451826000,-4.2311897420E+00,1.0201013969E+03,5.4192772207E+01,1.7814600143E+03
1451827200,-4.3561408819E+00,1.0197006446E+03,5.7492127423E+01,1.1430162781E+03
1451828400,-4.5467094083E+00,1.0193010440E+03,5.9496826060E+01,7.4013753742E+02
1451829600,-4.6624540494E+00,1.0190010441E+03,6.0798939933E+01,5.3991165791E+02
1451830800,-4.7905703917E+00,1.0189011090E+03,6.1402333623E+01,2.9086344051E+02
1451832000,-4.8655409103E+00,1.0185021596E+03,6.1995624625E+01,1.4316407655E+02
1451833200,-5.0124775268E+00,1.0183021168E+03,6.3697854893E+01,3.7386119320E+01
1451834400,-5.0749100447E+00,1.0181006513E+03,6.3701409587E+01,4.0493355333E+00
1451835600,-5.1687959376E+00,1.0179011675E+03,6.5398818937E+01,2.3621270000E-02
1451836800,-5.2312819693E+00,1.0177010159E+03,6.4304124971E+01,0.0000000000E+00
1451838000,-5.2937294755E+00,1.0174040043E+03,6.4693805438E+01,0.0000000000E+00
1451839200,-5.3155666321E+00,1.0171006817E+03,6.6193037348E+01,0.0000000000E+00
1451840400,-5.3531537759E+00,1.0168006735E+03,6.6600687946E+01,0.0000000000E+00
1451841600,-5.3438221010E+00,1.0164006367E+03,6.7395822934E+01,0.0000000000E+00
1451842800,-5.3593697373E+00,1.0160014074E+03,6.9297106323E+01,0.0000000000E+00
1451844000,-5.2937967773E+00,1.0156006175E+03,6.8400000000E+01,0.0000000000E+00
1451845200,-5.2749881056E+00,1.0154021225E+03,6.6912312703E+01,0.0000000000E+00
1451846400,-5.2063334733E+00,1.0148044342E+03,6.6907461433E+01,0.0000000000E+00
1451847600,-5.1375784754E+00,1.0143058105E+03,6.7405852622E+01,0.0000000000E+00
1451848800,-5.1312263406E+00,1.0141015015E+03,6.8893731473E+01,0.0000000000E+00
1451850000,-5.2249531433E+00,1.0138031762E+03,7.1391420896E+01,0.0000000000E+00
1451851200,-5.2530912265E+00,1.0134021250E+03,7.2003229850E+01,0.0000000000E+00
1451852400,-5.2186663077E+00,1.0132006998E+03,7.2297711270E+01,0.0000000000E+00
1451853600,-5.2093483740E+00,1.0128021746E+03,7.2803304584E+01,0.0000000000E+00
1451854800,-5.2812487488E+00,1.0125019085E+03,7.2994232227E+01,0.0000000000E+00
1451856000,-5.3374069222E+00,1.0122011116E+03,7.4389496333E+01,0.0000000000E+00
1451857200,-5.3843795945E+00,1.0118047103E+03,7.5371566710E+01,0.0000000000E+00
1451858400,-5.4218385997E+00,1.0114014109E+03,7.6296405839E+01,0.0000000000E+00
1451859600,-5.4688317824E+00,1.0111007668E+03,7.7795853036E+01,0.0000000000E+00
1451860800,-5.5250305613E+00,1.0108006475E+03,7.8699338476E+01,0.0000000000E+00
1451862000,-5.5094086476E+00,1.0105019820E+03,7.9296007569E+01,0.0000000000E+00
1451863200,-5.4750456261E+00,1.0101023713E+03,7.9301241644E+01,0.0000000000E+00
1451864400,-5.3874861216E+00,1.0099029430E+03,7.7717828984E+01,0.0000000000E+00
1451865600,-5.3438275220E+00,1.0096000000E+03,7.6400717580E+01,0.0000000000E+00
1451866800,-5.2751201278E+00,1.0093028400E+03,7.5207418840E+01,0.0000000000E+00
1451868000,-5.0875165398E+00,1.0090022572E+03,7.3509140171E+01,0.0000000000E+00
1451869200,-5.1436694324E+00,1.0088006985E+03,7.4895004743E+01,0.0000000000E+00
1451870400,-5.3998421242E+00,1.0085010470E+03,7.6595557794E+01,0.0000000000E+00
1451871600,-5.4718355705E+00,1.0083000000E+03,7.6798863172E+01,0.0000000000E+00
1451872800,-5.4812810472E+00,1.0081011409E+03,7.4221949487E+01,0.0000000000E+00
1451874000,-5.4188011414E+00,1.0077015835E+03,7.0838907628E+01,0.0000000000E+00
1451875200,-5.3719015539E+00,1.0074014896E+03,6.8209093762E+01,0.0000000000E+00
1451876400,-5.3407059035E+00,1.0073000000E+03,6.9794893900E+01,0.0000000000E+00
1451877600,-5.1751108608E+00,1.0070022288E+03,7.1488259798E+01,0.0000000000E+00
1451878800,-5.1499889181E+00,1.0068015280E+03,7.5352150818E+01,0.0000000000E+00
1451880000,-5.1999647080E+00,1.0065006104E+03,7.7791231875E+01,0.0000000000E+00
1451881200,-5.2905078345E+00,1.0063011857E+03,7.9982540192E+01,0.0000000000E+00
1451882400,-5.2844350822E+00,1.0060007027E+03,8.0001431870E+01,0.0000000000E+00
1451883600,-5.2374456830E+00,1.0059000000E+03,7.9797673893E+01,0.0000000000E+00
1451884800,-5.2062992911E+00,1.0058000000E+03,7.9496780299E+01,0.0000000000E+00
1451886000,-5.1812656693E+00,1.0056000000E+03,8.0298571006E+01,0.0000000000E+00
1451887200,-5.2063055576E+00,1.0054023400E+03,7.8625894940E+01,0.0000000000E+00
1451888400,-5.2343377729E+00,1.0053000000E+03,7.5417494890E+01,0.0000000000E+00
1451889600,-5.0064271716E+00,1.0049011023E+03,7.2315628051E+01,1.9776742133E+00
1451890800,-4.7281726667E+00,1.0047006983E+03,7.0502136846E+01,1.1935894635E+01
1451892000,-4.6812651216E+00,1.0046015122E+03,6.8905907581E+01,8.9535832908E+01
1451893200,-4.6688158011E+00,1.0045011373E+03,6.7611513930E+01,3.1167589805E+02
1451894400,-4.5938154307E+00,1.0041029175E+03,6.8485275163E+01,8.2155438822E+02
1451895600,-4.3751019257E+00,1.0040015551E+03,6.7696758712E+01,1.2698757400E+04
1451896800,-4.1125506983E+00,1.0039000000E+03,6.5607894552E+01,2.2193935032E+04
1451898000,-3.8064002996E+00,1.0039014661E+03,6.2314800160E+01,3.1466739208E+04
1451899200,-3.4346563899E+00,1.0038000000E+03,5.8212450834E+01,3.8335770379E+04
1451900400,-3.0719874644E+00,1.0036019222E+03,5.5915044879E+01,4.0005481569E+04
1451901600,-2.7470597163E+00,1.0034023502E+03,5.2943634127E+01,4.0000000000E+04
1451902800,-2.4751603749E+00,1.0032007221E+03,5.0508099627E+01,4.0000000000E+04
1451904000,-2.2687450062E+00,1.0030000000E+03,4.8628121097E+01,4.0000000000E+04
1451905200,-2.1188301344E+00,1.0027028351E+03,4.6828509542E+01,4.0000000000E+04
1451906400,-1.9625633671E+00,1.0026014976E+03,4.4812503332E+01,4.0000000000E+04
1451907600,-1.8999765179E+00,1.0025015072E+03,4.3406152223E+01,4.9198667196E+03
1451908800,-1.8749625023E+00,1.0024989143E+03,4.1809900168E+01,4.5018134089E+03
1451910000,-1.8936931838E+00,1.0023029891E+03,3.7482460943E+01,4.0078490601E+04
1451911200,-1.8188404420E+00,1.0022006991E+03,3.5509259906E+01,3.6799648352E+03
1451912400,-1.8405919890E+00,1.0022000000E+03,3.8071973016E+01,2.5943235883E+03
1451913600,-1.8905551240E+00,1.0021037555E+03,4.1322212727E+01,1.9823396628E+03
1451914800,-1.8813168895E+00,1.0022000000E+03,3.8605711903E+01,1.4981986657E+03
1451916000,-2.0373338971E+00,1.0021010529E+03,4.2367988135E+01,1.0693688780E+03
1451917200,-2.2124530217E+00,1.0021984773E+03,4.6785125568E+01,6.3568555371E+02
1451918400,-2.4279802308E+00,1.0022988584E+03,5.1669957182E+01,2.1477945922E+02
1451919600,-2.5187035591E+00,1.0022000000E+03,5.4781953010E+01,5.0947466975E+01
1451920800,-2.6499318816E+00,1.0022000000E+03,5.7093938730E+01,7.1454704800E+00
1451922000,-2.6528415844E+00,1.0022000000E+03,5.8798891654E+01,2.2166913333E-02
1451923200,-2.7687202542E+00,1.0021009741E+03,5.9898023302E+01,0.0000000000E+00
1451924400,-2.7750323422E+00,1.0021000000E+03,5.7608836916E+01,0.0000000000E+00
1451925600,-2.8093907211E+00,1.0021000000E+03,5.6704383643E+01,0.0000000000E+00
1451926800,-2.7624326119E+00,1.0020000000E+03,5.8261799866E+01,0.0000000000E+00
1451928000,-2.8687141446E+00,1.0021978189E+03,5.8804594621E+01,0.0000000000E+00
1451929200,-2.7968697686E+00,1.0022011471E+03,5.8700000000E+01,0.0000000000E+00
1451930400,-2.7874174861E+00,1.0023983918E+03,5.9087022217E+01,0.0000000000E+00
1451931600,-2.9062378564E+00,1.0024985245E+03,5.9790765636E+01,0.0000000000E+00
1451932800,-2.8500694314E+00,1.0024018926E+03,5.7730505896E+01,0.0000000000E+00
1451934000,-2.7783062758E+00,1.0025000000E+03,5.8096455358E+01,0.0000000000E+00
1451935200,-2.7812560667E+00,1.0024992681E+03,6.0290468450E+01,0.0000000000E+00
1451936400,-2.6343199995E+00,1.0026000000E+03,6.0003820288E+01,0.0000000000E+00
1451937600,-2.5187642070E+00,1.0025044928E+03,5.8163112630E+01,0.0000000000E+00
1451938800,-2.5156721884E+00,1.0025006846E+03,5.9100000000E+01,0.0000000000E+00
1451940000,-2.4999694416E+00,1.0024037204E+03,6.0886879533E+01,1.9625129500E+00
1451941200,-2.4906850618E+00,1.0024015859E+03,6.1785599980E+01,2.0000000000E+00
1451942400,-2.5374881827E+00,1.0024011053E+03,6.3690715324E+01,2.3211690000E-02
1451943600,-2.4876134926E+00,1.0023010952E+03,6.4307766449E+01,2.0000000000E+00
1451944800,-2.3344221244E+00,1.0023000000E+03,6.3017364077E+01,1.9684289500E+00
1451946000,-2.2936619877E+00,1.0023000000E+03,6.3298849177E+01,2.0000000000E+00
1451947200,-2.3031945231E+00,1.0024000000E+03,6.5179838530E+01,2.0000000000E+00
1451948400,-2.3062661567E+00,1.0025000000E+03,6.5695797123E+01,2.0000000000E+00
1451949600,-2.3218752167E+00,1.0025960604E+03,6.4802033523E+01,4.0670456667E-02
1451950800,-2.3063168960E+00,1.0026986866E+03,6.4300000000E+01,0.0000000000E+00
1451952000,-2.3593787087E+00,1.0027000000E+03,6.5185857765E+01,0.0000000000E+00
1451953200,-2.3782379009E+00,1.0027000000E+03,6.6494255580E+01,0.0000000000E+00
1451954400,-2.3687037530E+00,1.0027984460E+03,6.6890591622E+01,0.0000000000E+00
1451955600,-2.5280027148E+00,1.0028000000E+03,6.9396668994E+01,0.0000000000E+00
1451956800,-2.8061684580E+00,1.0028000000E+03,7.0882603725E+01,0.0000000000E+00
1451958000,-3.1435476215E+00,1.0028985087E+03,7.3575921277E+01,0.0000000000E+00
1451959200,-3.1689073878E+00,1.0029000000E+03,7.1427000496E+01,0.0000000000E+00
1451960400,-2.9502052293E+00,1.0027015768E+03,6.8104927225E+01,0.0000000000E+00
1451961600,-2.9874657082E+00,1.0028986892E+03,6.8296655644E+01,0.0000000000E+00
1451962800,-3.0343470343E+00,1.0030015294E+03,6.7104627794E+01,0.0000000000E+00
1451964000,-3.4373139159E+00,1.0030992888E+03,7.0288326317E+01,0.0000000000E+00
1451965200,-3.7343082405E+00,1.0033954324E+03,7.1897702145E+01,0.0000000000E+00
1451966400,-3.8436849679E+00,1.0032006338E+03,7.5986394964E+01,0.0000000000E+00
1451967600,-4.1500587397E+00,1.0033011347E+03,7.8484379267E+01,0.0000000000E+00
1451968800,-3.7845892878E+00,1.0031000000E+03,8.2701084719E+01,0.0000000000E+00
1451970000,-3.4846279704E+00,1.0032982446E+03,8.2696461450E+01,0.0000000000E+00
1451971200,-3.4560306276E+00,1.0032993857E+03,8.7081875872E+01,0.0000000000E+00
1451972400,-3.5250904325E+00,1.0034000000E+03,9.0883476350E+01,0.0000000000E+00
1451973600,-3.2376741154E+00,1.0035000000E+03,9.9870834083E+01,0.0000000000E+00
1451974800,-3.0375595376E+00,1.0034993235E+03,9.9900000000E+01,0.0000000000E+00
1451976000,-3.2716472144E+00,1.0035976790E+03,9.9900000000E+01,0.0000000000E+00
1451977200,-3.6560949471E+00,1.0037993553E+03,9.9900000000E+01,1.9865176500E+00
1451978400,-3.7406425647E+00,1.0037000000E+03,9.9900000000E+01,2.9808165280E+01
1451979600,-3.9216974756E+00,1.0040978538E+03,8.8426108317E+01,1.0640207263E+02
1451980800,-4.2966989338E+00,1.0040006984E+03,8.4503558386E+01,6.3284361818E+02
1451982000,-4.6311242782E+00,1.0041000000E+03,8.1731261226E+01,1.2722509478E+03
1451983200,-4.7030729426E+00,1.0042993248E+03,8.1002065492E+01,5.5976856319E+03
1451984400,-4.6562942967E+00,1.0043993290E+03,7.2352731499E+01,2.5654353301E+04
1451985600,-4.5438891254E+00,1.0044988431E+03,6.5070571646E+01,3.9959928136E+04
1451986800,-4.1063825352E+00,1.0045005791E+03,5.8617770905E+01,4.0000000000E+04
1451988000,-3.7408069921E+00,1.0045011105E+03,5.3033729510E+01,4.0000000000E+04
1451989200,-3.3687287694E+00,1.0044000000E+03,5.0219724387E+01,4.0000000000E+04
1451990400,-3.1094437442E+00,1.0045000000E+03,4.5707993718E+01,4.0000000000E+04
1451991600,-2.9031605858E+00,1.0043010523E+03,4.4922394050E+01,4.0000000000E+04
1451992800,-2.7969190787E+00,1.0043000000E+03,4.4614834129E+01,4.0000000000E+04
1451994000,-2.5751556272E+00,1.0042010511E+03,4.4382955571E+01,6.2553446223E+03
1451995200,-2.4061557334E+00,1.0042010765E+03,4.1637074722E+01,9.1253786610E+03
1451996400,-2.5811095913E+00,1.0041993342E+03,4.4800717747E+01,8.0857199339E+03
1451997600,-3.1466657129E+00,1.0042988612E+03,5.0902306039E+01,4.4030013734E+03
1451998800,-3.3374100806E+00,1.0043985208E+03,5.2600753934E+01,2.6109279970E+03
1452000000,-3.5094392298E+00,1.0043019130E+03,5.4482242934E+01,1.7473634934E+03
1452001200,-3.5062291143E+00,1.0044000000E+03,5.3408658476E+01,1.3117880832E+03
1452002400,-3.6031208773E+00,1.0044000000E+03,5.3618715656E+01,1.0992869371E+03
1452003600,-3.9280068910E+00,1.0044977869E+03,5.5477997915E+01,5.1950128972E+02
1452004800,-4.0906158316E+00,1.0045989168E+03,6.1268184429E+01,2.2572242921E+02
1452006000,-4.0437363891E+00,1.0047000000E+03,6.3396891904E+01,6.3041212160E+01
1452007200,-4.4777950695E+00,1.0049000000E+03,6.4299247558E+01,7.1203907733E+00
1452008400,-5.2654232484E+00,1.0050993109E+03,6.7190154976E+01,1.4064320000E-02
1452009600,-5.2063328956E+00,1.0052993507E+03,7.1695324704E+01,0.0000000000E+00
1452010800,-5.4624655017E+00,1.0052006779E+03,7.1790395962E+01,0.0000000000E+00
1452012000,-5.5749015052E+00,1.0054000000E+03,7.2392198967E+01,0.0000000000E+00
1452013200,-5.6093321156E+00,1.0055993078E+03,7.2599294478E+01,0.0000000000E+00
1452014400,-5.9529936095E+00,1.0056992576E+03,7.3188848029E+01,0.0000000000E+00
1452015600,-6.0718682239E+00,1.0059988939E+03,7.4888797622E+01,0.0000000000E+00
1452016800,-6.0563123323E+00,1.0060027864E+03,7.6460793210E+01,0.0000000000E+00
1452018000,-5.8906757419E+00,1.0059000000E+03,7.3409167087E+01,0.0000000000E+00
1452019200,-6.0560229155E+00,1.0060000000E+03,7.3408297783E+01,0.0000000000E+00
1452020400,-6.3436649478E+00,1.0061992870E+03,7.4989099027E+01,0.0000000000E+00
1452021600,-6.4092680269E+00,1.0061000000E+03,7.5291840265E+01,0.0000000000E+00
1452022800,-6.6935973091E+00,1.0061993043E+03,7.5197872380E+01,0.0000000000E+00
1452024000,-7.0499675219E+00,1.0063000000E+03,7.6296955766E+01,0.0000000000E+00
1452025200,-7.3031832295E+00,1.0062000000E+03,7.8180240328E+01,0.0000000000E+00
1452026400,-7.0595390507E+00,1.0062000000E+03,7.8704791868E+01,0.0000000000E+00
1452027600,-7.1183230012E+00,1.0064976439E+03,7.8304768251E+01,0.0000000000E+00
1452028800,-7.9623560212E+00,1.0066000000E+03,7.9088407853E+01,0.0000000000E+00
1452030000,-7.9937123752E+00,1.0066006598E+03,8.0800000000E+01,0.0000000000E+00
1452031200,-7.9407369833E+00,1.0067000000E+03,8.3092430535E+01,0.0000000000E+00
1452032400,-7.8561533786E+00,1.0066992447E+03,8.3802447490E+01,0.0000000000E+00
1452033600,-7.8718744964E+00,1.0066023237E+03,8.4218702733E+01,0.0000000000E+00
1452034800,-7.8969832527E+00,1.0067000000E+03,8.4702987985E+01,0.0000000000E+00
1452036000,-7.9530135296E+00,1.0067007143E+03,8.5601596458E+01,0.0000000000E+00
1452037200,-7.9251374003E+00,1.0066007414E+03,8.9576445456E+01,0.0000000000E+00
1452038400,-8.0027829107E+00,1.0068000000E+03,8.8821080622E+01,0.0000000000E+00
1452039600,-8.0657949690E+00,1.0068000000E+03,9.1173309524E+01,0.0000000000E+00
1452040800,-8.0281687977E+00,1.0066021190E+03,9.3779600868E+01,0.0000000000E+00
1452042000,-8.1467207887E+00,1.0069000000E+03,9.7289470707E+01,0.0000000000E+00
1452043200,-8.2187140278E+00,1.0069992341E+03,9.7600824034E+01,0.0000000000E+00
1452044400,-8.2406185397E+00,1.0071000000E+03,9.6209320617E+01,0.0000000000E+00
1452045600,-8.3717944997E+00,1.0072000000E+03,9.5900657074E+01,0.0000000000E+00
1452046800,-7.9346036484E+00,1.0072000000E+03,9.9367019383E+01,0.0000000000E+00
1452048000,-8.0436360672E+00,1.0074000000E+03,9.7311387059E+01,0.0000000000E+00
1452049200,-8.2030342634E+00,1.0073980236E+03,9.6309947142E+01,0.0000000000E+00
1452050400,-8.3968148495E+00,1.0073000000E+03,9.6397621997E+01,0.0000000000E+00
1452051600,-8.2877028706E+00,1.0073007448E+03,9.7395451208E+01,0.0000000000E+00
1452052800,-7.7504463052E+00,1.0073000000E+03,9.9884563000E+01,0.0000000000E+00
1452054000,-7.3687309387E+00,1.0074011355E+03,9.9900000000E+01,0.0000000000E+00
1452055200,-6.8503120093E+00,1.0074992607E+03,9.9900000000E+01,0.0000000000E+00
1452056400,-6.4627100929E+00,1.0075009201E+03,9.8410293730E+01,0.0000000000E+00
1452057600,-6.2500493349E+00,1.0075000000E+03,9.5500000000E+01,0.0000000000E+00
1452058800,-6.1093281933E+00,1.0076989654E+03,9.5105242870E+01,0.0000000000E+00
1452060000,-6.4685757476E+00,1.0079000000E+03,9.0116660751E+01,0.0000000000E+00
1452061200,-6.5156367967E+00,1.0080993534E+03,9.0400709633E+01,0.0000000000E+00
1452062400,-6.3625399285E+00,1.0080000000E+03,8.6822014400E+01,0.0000000000E+00
1452063600,-6.4092816167E+00,1.0082989643E+03,8.3818892737E+01,0.0000000000E+00
1452064800,-6.4032248773E+00,1.0083988605E+03,8.3401197367E+01,1.5940131642E+01
1452066000,-6.2031871104E+00,1.0084993051E+03,8.3598579219E+01,4.9793986707E+01
1452067200,-6.0626709372E+00,1.0086989591E+03,8.4788396030E+01,1.2959913559E+02
1452068400,-5.7595051857E+00,1.0089985532E+03,8.4598437498E+01,1.6782031231E+02
1452069600,-5.6781197828E+00,1.0090000000E+03,8.4503248106E+01,2.7825293551E+02
1452070800,-5.7156922791E+00,1.0090993081E+03,8.3799294661E+01,6.2527350066E+02
1452072000,-5.6873730781E+00,1.0088015965E+03,8.2713265025E+01,8.5178956644E+02
1452073200,-5.7345921754E+00,1.0088985053E+03,8.1206035243E+01,3.7288272014E+03
1452074400,-5.6811070127E+00,1.0090986793E+03,7.9700000000E+01,9.3173301739E+02
1452075600,-5.5314240618E+00,1.0089980655E+03,8.1586028252E+01,1.2404272244E+03
1452076800,-5.2782703784E+00,1.0090000000E+03,7.9025113269E+01,2.9719432034E+03
1452078000,-5.1468571190E+00,1.0088012425E+03,7.5120974200E+01,2.5752196184E+03
1452079200,-5.3062357116E+00,1.0086014199E+03,7.5099230782E+01,3.4456693917E+03
1452080400,-5.2126382869E+00,1.0088000000E+03,7.3355268580E+01,7.5577344378E+03
1452081600,-4.8938030491E+00,1.0086011555E+03,6.6649120043E+01,5.6985670507E+03
1452082800,-4.9344613746E+00,1.0085000000E+03,6.9962703660E+01,2.4079782506E+03
1452084000,-4.8749945861E+00,1.0086989521E+03,7.1889379588E+01,1.5921704592E+03
1452085200,-4.9812289719E+00,1.0086000000E+03,7.3086056334E+01,1.7399059585E+03
1452086400,-4.9189869077E+00,1.0086984297E+03,7.4483684282E+01,2.1537279308E+03
1452087600,-4.6874598097E+00,1.0087000000E+03,6.8234775309E+01,1.1536185266E+03
1452088800,-4.7656384032E+00,1.0089000000E+03,6.8776402077E+01,7.8664424240E+02
1452090000,-4.5564544401E+00,1.0089992581E+03,6.9104838973E+01,3.1865326135E+02
1452091200,-4.5187528979E+00,1.0090010588E+03,7.3467808325E+01,1.5417168893E+02
1452092400,-4.4657296664E+00,1.0091000000E+03,7.5960995610E+01,2.9643572435E+01
1452093600,-4.4280707071E+00,1.0091000000E+03,7.6592400919E+01,3.0886559450E+00
1452094800,-4.3063466227E+00,1.0093000000E+03,7.5432437757E+01,0.0000000000E+00
1452096000,-4.3374518287E+00,1.0093015623E+03,7.5496847412E+01,0.0000000000E+00
1452097200,-4.5624551234E+00,1.0093000000E+03,7.6972355774E+01,0.0000000000E+00
1452098400,-4.8623767015E+00,1.0091993391E+03,7.7895919461E+01,0.0000000000E+00
1452099600,-4.8499687364E+00,1.0093966750E+03,7.9393266608E+01,0.0000000000E+00
1452100800,-4.9032109932E+00,1.0094000000E+03,8.0289369287E+01,0.0000000000E+00
1452102000,-4.7188948819E+00,1.0094000000E+03,8.0804456761E+01,0.0000000000E+00
1452103200,-4.5687734216E+00,1.0093985099E+03,8.0703008714E+01,0.0000000000E+00
1452104400,-4.5999779182E+00,1.0090019932E+03,8.1992795530E+01,0.0000000000E+00
1452105600,-4.6468178474E+00,1.0090000000E+03,8.3295365522E+01,0.0000000000E+00
1452106800,-4.7655796101E+00,1.0090993650E+03,8.4192857150E+01,0.0000000000E+00
1452108000,-4.9155114247E+00,1.0089015044E+03,8.4092161269E+01,0.0000000000E+00
1452109200,-5.0811659752E+00,1.0089985493E+03,8.4992673687E+01,0.0000000000E+00
1452110400,-5.2810146104E+00,1.0090993644E+03,8.5500000000E+01,3.8939620000E-02
1452111600,-5.6029098874E+00,1.0091006963E+03,8.4607660188E+01,0.0000000000E+00
1452112800,-5.8655038717E+00,1.0090006280E+03,8.5696152323E+01,0.0000000000E+00
1452114000,-6.0436162299E+00,1.0091000000E+03,8.5602736228E+01,0.0000000000E+00
1452115200,-6.2998582032E+00,1.0091979993E+03,8.5791745717E+01,0.0000000000E+00
1452116400,-6.5030254453E+00,1.0091000000E+03,8.5598007556E+01,1.3282956667E-02
1452117600,-6.6624462974E+00,1.0090953284E+03,8.6492939851E+01,0.0000000000E+00
1452118800,-6.7624199777E+00,1.0089000000E+03,8.8188023560E+01,0.0000000000E+00
1452120000,-6.6969064238E+00,1.0088000000E+03,8.9298057325E+01,2.0000000000E+00
1452121200,-6.7281020248E+00,1.0088000000E+03,9.0096587447E+01,0.0000000000E+00
1452122400,-6.7187864643E+00,1.0088007601E+03,9.1394229094E+01,0.0000000000E+00
1452123600,-6.7903879851E+00,1.0087011138E+03,9.1690978471E+01,0.0000000000E+00
1452124800,-7.0031938549E+00,1.0088000000E+03,9.1898016510E+01,0.0000000000E+00
1452126000,-7.3118985153E+00,1.0089978389E+03,9.1813009495E+01,0.0000000000E+00
1452127200,-7.9906015801E+00,1.0088038064E+03,8.9411504056E+01,0.0000000000E+00
1452128400,-7.8001048494E+00,1.0086010639E+03,9.1392455504E+01,0.0000000000E+00
1452129600,-8.0154964431E+00,1.0084006901E+03,9.0303008593E+01,0.0000000000E+00
1452130800,-8.1093879451E+00,1.0083029148E+03,9.1198528139E+01,0.0000000000E+00
1452132000,-7.9656894777E+00,1.0084000000E+03,9.2196620618E+01,0.0000000000E+00
1452133200,-7.8282407997E+00,1.0083000000E+03,9.2193260300E+01,0.0000000000E+00
1452134400,-7.8093030607E+00,1.0082000000E+03,9.1003319919E+01,0.0000000000E+00
1452135600,-7.9750843791E+00,1.0080011402E+03,9.1389619900E+01,0.0000000000E+00
1452136800,-7.7063535565E+00,1.0081011201E+03,9.1597630069E+01,0.0000000000E+00
1452138000,-7.6032054612E+00,1.0079988684E+03,9.0112601092E+01,0.0000000000E+00
1452139200,-7.4031838792E+00,1.0080993697E+03,8.7709019745E+01,0.0000000000E+00
1452140400,-7.5280737399E+00,1.0078000000E+03,8.7699253018E+01,0.0000000000E+00
1452141600,-7.7249090901E+00,1.0078969622E+03,8.6509194764E+01,0.0000000000E+00
1452142800,-7.8313791386E+00,1.0079952789E+03,8.5895250756E+01,0.0000000000E+00
1452144000,-7.3501292024E+00,1.0077013516E+03,8.9697784678E+01,0.0000000000E+00
1452145200,-6.9408495109E+00,1.0078000000E+03,9.1574933157E+01,0.0000000000E+00
1452146400,-6.5158998308E+00,1.0077000000E+03,9.2598001444E+01,0.0000000000E+00
1452147600,-6.0783221718E+00,1.0074013924E+03,9.3300770791E+01,0.0000000000E+00
1452148800,-5.8095034872E+00,1.0075000000E+03,9.3393655800E+01,0.0000000000E+00
1452150000,-5.5844545112E+00,1.0076000000E+03,9.3700000000E+01,0.0000000000E+00
1452151200,-5.4281926554E+00,1.0076010917E+03,9.4094355113E+01,4.9661306800E+00
1452152400,-5.2282287875E+00,1.0075992809E+03,9.4498533345E+01,2.0926667250E+01
1452153600,-5.0469560971E+00,1.0076006722E+03,9.5100000000E+01,5.3862721200E+01
1452154800,-4.8875507823E+00,1.0075023775E+03,9.4991260309E+01,9.3762779807E+01
1452156000,-4.7406371565E+00,1.0077019939E+03,9.4489963382E+01,1.3739780290E+02
1452157200,-4.6188232667E+00,1.0074014484E+03,9.4797049311E+01,1.8685246557E+02
1452158400,-4.5032776816E+00,1.0073000000E+03,9.4795394929E+01,2.6452798026E+02
1452159600,-4.2907577931E+00,1.0070029134E+03,9.5195587995E+01,4.0257345172E+02
1452160800,-4.0219762359E+00,1.0068021411E+03,9.5798915392E+01,6.8296093665E+02
1452162000,-3.7376002935E+00,1.0066014805E+03,9.5502416403E+01,8.9092872800E+02
1452163200,-3.5970024807E+00,1.0064013184E+03,9.5396630605E+01,1.0791846064E+03
1452164400,-3.3438545823E+00,1.0061007213E+03,9.5599265375E+01,1.6000312059E+03
1452165600,-3.1344452574E+00,1.0056020051E+03,9.6297824563E+01,1.0882240941E+03
1452166800,-2.8439657243E+00,1.0054006131E+03,9.7196868732E+01,6.2889245641E+03
1452168000,-2.5187503364E+00,1.0053000000E+03,9.5100630215E+01,7.1551455851E+02
1452169200,-2.3844638305E+00,1.0051010556E+03,9.4514523875E+01,3.6210587484E+02
1452170400,-2.1533747248E+00,1.0050000000E+03,9.2012527090E+01,4.1189261889E+02
1452171600,-1.7748975835E+00,1.0050000000E+03,8.8311626656E+01,3.3914856283E+02
1452172800,-1.8312534240E+00,1.0050000000E+03,8.6401264527E+01,1.5988414548E+02
1452174000,-1.8562932692E+00,1.0048011232E+03,8.6796587031E+01,1.4330716721E+02
1452175200,-1.7688577046E+00,1.0046015218E+03,8.6195393295E+01,1.1518426822E+02
1452176400,-1.8125000000E+00,1.0046011300E+03,8.6685705270E+01,6.0285894600E+01
1452177600,-1.8937480319E+00,1.0044000000E+03,8.9792657740E+01,2.9086772162E+01
1452178800,-1.9343136697E+00,1.0042989455E+03,9.0507480009E+01,1.1117542993E+01
1452180000,-1.9407386053E+00,1.0040021768E+03,8.6510365638E+01,4.6069500000E-02
1452181200,-1.9718061376E+00,1.0039984617E+03,8.6496895084E+01,0.0000000000E+00
1452182400,-1.9937647697E+00,1.0040000000E+03,8.3602081652E+01,0.0000000000E+00
1452183600,-1.9812580976E+00,1.0037020900E+03,8.4893485000E+01,0.0000000000E+00
1452184800,-1.9063001780E+00,1.0032025557E+03,8.3408477426E+01,0.0000000000E+00
1452186000,-1.7406384572E+00,1.0033006507E+03,7.9011950719E+01,0.0000000000E+00
1452187200,-1.8155616458E+00,1.0032000000E+03,7.6818797964E+01,0.0000000000E+00
1452188400,-1.9062049264E+00,1.0029029910E+03,7.4216632127E+01,0.0000000000E+00
1452189600,-2.0062691182E+00,1.0027976256E+03,7.2616718051E+01,0.0000000000E+00
1452190800,-1.9968545142E+00,1.0024012324E+03,7.4289232736E+01,0.0000000000E+00
1452192000,-2.0156627430E+00,1.0023000000E+03,7.5974577267E+01,0.0000000000E+00
1452193200,-2.0155823901E+00,1.0022969752E+03,7.8292365893E+01,0.0000000000E+00
1452194400,-2.0687566102E+00,1.0022007180E+03,8.1493748904E+01,0.0000000000E+00
1452195600,-2.0312880035E+00,1.0019031665E+03,7.7828751301E+01,0.0000000000E+00
1452196800,-1.9968571781E+00,1.0017989917E+03,7.7301022499E+01,0.0000000000E+00
1452198000,-1.9844284943E+00,1.0015014322E+03,7.7705295255E+01,0.0000000000E+00
1452199200,-1.9436827107E+00,1.0016000000E+03,7.9596418351E+01,0.0000000000E+00
1452200400,-1.9218899207E+00,1.0015993689E+03,8.1294837729E+01,0.0000000000E+00
1452201600,-1.8345187248E+00,1.0012032631E+03,8.1101240982E+01,0.0000000000E+00
1452202800,-1.7500077613E+00,1.0010014992E+03,8.2287896252E+01,0.0000000000E+00
1452204000,-1.6813289982E+00,1.0006015666E+03,8.3884192660E+01,0.0000000000E+00
1452205200,-1.5906328635E+00,1.0005010711E+03,8.4887519543E+01,0.0000000000E+00
1452206400,-1.5906013231E+00,1.0001006558E+03,8.5795317106E+01,0.0000000000E+00
1452207600,-1.5250108378E+00,9.9970132087E+02,8.6699318701E+01,0.0000000000E+00
1452208800,-1.5030976718E+00,9.9930467810E+02,8.8878197007E+01,0.0000000000E+00
1452210000,-1.4531792969E+00,9.9900293265E+02,8.9408882882E+01,0.0000000000E+00
1452211200,-1.4156450371E+00,9.9870329855E+02,9.0793318568E+01,0.0000000000E+00
1452212400,-1.3656287269E+00,9.9830129854E+02,9.0400708600E+01,0.0000000000E+00
1452213600,-1.3405841165E+00,9.9849784538E+02,9.0300000000E+01,0.0000000000E+00
1452214800,-1.3625448544E+00,9.9810069446E+02,8.9606412723E+01,0.0000000000E+00
1452216000,-1.3562235255E+00,9.9770232238E+02,9.2971876639E+01,0.0000000000E+00
1452217200,-1.3499856081E+00,9.9760123463E+02,9.9866570268E+01,0.0000000000E+00
1452218400,-1.3125775602E+00,9.9760000000E+02,9.9900000000E+01,0.0000000000E+00
1452219600,-1.2781894915E+00,9.9740000000E+02,9.9900000000E+01,0.0000000000E+00
1452220800,-1.2437511554E+00,9.9680151880E+02,9.9900000000E+01,0.0000000000E+00
1452222000,-1.1718136740E+00,9.9640380876E+02,9.9900000000E+01,0.0000000000E+00
1452223200,-1.0656530562E+00,9.9610214843E+02,9.9900000000E+01,0.0000000000E+00
1452224400,-9.5938135328E-01,9.9590000000E+02,9.9900000000E+01,0.0000000000E+00
1452225600,-9.0004415641E-01,9.9570070437E+02,9.9900000000E+01,0.0000000000E+00
1452226800,-8.9060025417E-01,9.9530191402E+02,9.9900000000E+01,0.0000000000E+00
1452228000,-8.7500000000E-01,9.9520156063E+02,9.9900000000E+01,0.0000000000E+00
1452229200,-8.3442486771E-01,9.9500061091E+02,9.9900000000E+01,0.0000000000E+00
1452230400,-7.2185322151E-01,9.9460156010E+02,9.9900000000E+01,0.0000000000E+00
1452231600,-7.0306829896E-01,9.9440310058E+02,9.9900000000E+01,0.0000000000E+00
1452232800,-7.0943898984E-01,9.9420122629E+02,9.9900000000E+01,0.0000000000E+00
1452234000,-6.8750000000E-01,9.9410000000E+02,9.9900000000E+01,0.0000000000E+00
1452235200,-6.1571532505E-01,9.9390214201E+02,9.9900000000E+01,0.0000000000E+00
1452236400,-5.4070025984E-01,9.9380199687E+02,9.9900000000E+01,0.0000000000E+00
1452237600,-5.0000000000E-01,9.9370000000E+02,9.9900000000E+01,4.9774947967E+00
1452238800,-5.0314340281E-01,9.9350211880E+02,9.9900000000E+01,2.3881892560E+01
1452240000,-4.9685661599E-01,9.9349931164E+02,9.9900000000E+01,4.3957854070E+01
1452241200,-4.7183462849E-01,9.9350000000E+02,9.9900000000E+01,1.5719685191E+02
1452242400,-4.2191630656E-01,9.9320068211E+02,9.9900000000E+01,3.3538583187E+02
1452243600,-3.4689440568E-01,9.9310106341E+02,9.9900000000E+01,4.3346998432E+02
1452244800,-2.1258624391E-01,9.9290462420E+02,9.9900000000E+01,6.4074101123E+02
1452246000,-3.3101471875E-03,9.9270124641E+02,9.9900000000E+01,8.5485265840E+02
1452247200,1.1244246635E-01,9.9250214097E+02,9.9900000000E+01,5.7672444908E+02
1452248400,1.3119385870E-01,9.9250065330E+02,9.9900000000E+01,5.0346186595E+02
1452249600,2.1563057365E-01,9.9230062756E+02,9.9900000000E+01,4.1556185774E+02
1452250800,2.9374110203E-01,9.9210000000E+02,9.9900000000E+01,8.0618142212E+02
1452252000,3.6870334901E-01,9.9199930064E+02,9.9900000000E+01,6.3962052990E+02
1452253200,4.0615801344E-01,9.9170142440E+02,9.9900000000E+01,9.5737241335E+02
1452254400,5.2185134542E-01,9.9169896665E+02,9.9900000000E+01,6.5743776282E+02
1452255600,5.0000000000E-01,9.9160000000E+02,9.9900000000E+01,4.9038102218E+02
1452256800,5.1558597682E-01,9.9179925353E+02,9.9900000000E+01,3.5313696680E+02
1452258000,5.3431859370E-01,9.9160112267E+02,9.9900000000E+01,4.2303410220E+02
1452259200,5.1563866109E-01,9.9160000000E+02,9.9900000000E+01,4.7962498368E+02
1452260400,4.8745988370E-01,9.9169894355E+02,9.9900000000E+01,4.1753527500E+02
1452261600,4.4687864714E-01,9.9169851992E+02,9.9900000000E+01,2.1761563932E+02
1452262800,4.3440937240E-01,9.9180000000E+02,9.9900000000E+01,1.5625196459E+02
1452264000,4.8746410271E-01,9.9209812473E+02,9.9900000000E+01,6.1585683878E+01
1452265200,5.8431616870E-01,9.9220000000E+02,9.9900000000E+01,2.7080328040E+01
1452266400,6.9362237875E-01,9.9239767430E+02,9.9900000000E+01,4.0614210500E+00
1452267600,8.4687816510E-01,9.9259853625E+02,9.9900000000E+01,0.0000000000E+00
1452268800,9.3118387786E-01,9.9269933653E+02,9.9900000000E+01,0.0000000000E+00
1452270000,1.0375589553E+00,9.9299337162E+02,9.9900000000E+01,0.0000000000E+00
1452271200,1.1062288882E+00,9.9359787841E+02,9.9900000000E+01,0.0000000000E+00
1452272400,1.1780708155E+00,9.9409808702E+02,9.9900000000E+01,0.0000000000E+00
1452273600,1.1531368404E+00,9.9459764361E+02,9.9900000000E+01,0.0000000000E+00
1452274800,1.1968541643E+00,9.9509539377E+02,9.9900000000E+01,0.0000000000E+00
1452276000,1.1781287765E+00,9.9549801876E+02,9.9900000000E+01,0.0000000000E+00
1452277200,1.0157727317E+00,9.9560000000E+02,9.9900000000E+01,0.0000000000E+00
1452278400,8.3137673979E-01,9.9579887613E+02,9.9900000000E+01,0.0000000000E+00
1452279600,7.6252045656E-01,9.9629845946E+02,9.9900000000E+01,0.0000000000E+00
1452280800,6.7504617318E-01,9.9659686849E+02,9.9900000000E+01,0.0000000000E+00
1452282000,5.9068122271E-01,9.9669879226E+02,9.9900000000E+01,0.0000000000E+00
1452283200,5.5621285750E-01,9.9679689094E+02,9.9900000000E+01,0.0000000000E+00
1452284400,5.5003074099E-01,9.9699892399E+02,9.9900000000E+01,0.0000000000E+00
1452285600,5.3443530573E-01,9.9749624902E+02,9.9900000000E+01,0.0000000000E+00
1452286800,5.0314285021E-01,9.9799695445E+02,9.9900000000E+01,0.0000000000E+00
1452288000,4.4380140656E-01,9.9829687114E+02,9.9900000000E+01,0.0000000000E+00
1452289200,3.8130947031E-01,9.9859613618E+02,9.9900000000E+01,0.0000000000E+00
1452290400,2.3760443490E-01,9.9889933849E+02,9.9900000000E+01,0.0000000000E+00
1452291600,1.5000251182E-01,9.9919766315E+02,9.9900000000E+01,0.0000000000E+00
1452292800,7.8172606615E-02,9.9949783597E+02,9.9900000000E+01,0.0000000000E+00
1452294000,9.4939662500E-03,9.9969937067E+02,9.9900000000E+01,0.0000000000E+00
1452295200,-3.7561919427E-02,9.9999925788E+02,9.9900000000E+01,0.0000000000E+00
1452296400,-1.5307636526E-01,1.0001000000E+03,9.9900000000E+01,0.0000000000E+00
1452297600,-2.7174420266E-01,1.0004987011E+03,9.9900000000E+01,0.0000000000E+00
1452298800,-4.3120295635E-01,1.0008993055E+03,9.9900000000E+01,0.0000000000E+00
1452300000,-4.9060455172E-01,1.0011986434E+03,9.9900000000E+01,0.0000000000E+00
1452301200,-5.7813618448E-01,1.0014961512E+03,9.9900000000E+01,0.0000000000E+00
1452302400,-6.4062962979E-01,1.0018000000E+03,9.9900000000E+01,0.0000000000E+00
1452303600,-7.2813482307E-01,1.0018992729E+03,9.9900000000E+01,0.0000000000E+00
1452304800,-8.0317516906E-01,1.0020979541E+03,9.9900000000E+01,0.0000000000E+00
1452306000,-8.2188078536E-01,1.0021000000E+03,9.9900000000E+01,0.0000000000E+00
1452307200,-8.7501959245E-01,1.0021992995E+03,9.9900000000E+01,0.0000000000E+00
1452308400,-8.2494258599E-01,1.0021000000E+03,9.9900000000E+01,0.0000000000E+00
1452309600,-7.4682781255E-01,1.0025000000E+03,9.9900000000E+01,0.0000000000E+00
1452310800,-5.0019055177E-01,1.0025985461E+03,9.9900000000E+01,0.0000000000E+00
1452312000,-4.1254246130E-01,1.0024985297E+03,9.9900000000E+01,0.0000000000E+00
1452313200,-3.8745385823E-01,1.0025000000E+03,9.9900000000E+01,0.0000000000E+00
1452314400,-4.9377858036E-01,1.0023013036E+03,9.9900000000E+01,0.0000000000E+00
1452315600,-5.5620867073E-01,1.0028000000E+03,9.9900000000E+01,0.0000000000E+00
1452316800,-6.8121122010E-01,1.0025013275E+03,9.9900000000E+01,0.0000000000E+00
1452318000,-6.5627512990E-01,1.0028000000E+03,9.9900000000E+01,0.0000000000E+00
1452319200,-6.1562031818E-01,1.0027000000E+03,9.9900000000E+01,0.0000000000E+00
1452320400,-6.8750000000E-01,1.0027980625E+03,9.9900000000E+01,0.0000000000E+00
1452321600,-5.4706073391E-01,1.0032992909E+03,9.9900000000E+01,0.0000000000E+00
1452322800,-4.3126650672E-01,1.0033000000E+03,9.9900000000E+01,0.0000000000E+00
1452324000,-4.5937081406E-01,1.0032006809E+03,9.9900000000E+01,1.2942359333E+01
1452325200,-3.2510719109E-01,1.0031993346E+03,9.9900000000E+01,6.1821685023E+01
1452326400,-2.1563357922E-01,1.0033978815E+03,9.9900000000E+01,1.5943135735E+02
1452327600,-1.5320012422E-01,1.0037000000E+03,9.9900000000E+01,1.6995446891E+02
1452328800,-4.0595800625E-02,1.0037000000E+03,9.9900000000E+01,3.0845556987E+02
1452330000,8.4386319271E-02,1.0036985285E+03,9.9900000000E+01,5.5676688062E+02
1452331200,2.6559093677E-01,1.0036015782E+03,9.9900000000E+01,5.7034524920E+02
1452332400,4.5303250318E-01,1.0036031380E+03,9.9900000000E+01,5.5643015720E+02
1452333600,6.3735093891E-01,1.0037993371E+03,9.9900000000E+01,5.3735189119E+02
1452334800,7.0304120422E-01,1.0035022177E+03,9.9900000000E+01,6.4411934316E+02
1452336000,8.7176646922E-01,1.0034000000E+03,9.9900000000E+01,8.0334237101E+02
1452337200,1.2154855376E+00,1.0032000000E+03,9.9900000000E+01,9.6651067245E+02
1452338400,1.4872001452E+00,1.0031000000E+03,9.9900000000E+01,1.2234631957E+04
1452339600,1.7720090199E+00,1.0031000000E+03,9.9900000000E+01,5.2937135462E+02
1452340800,1.5875602249E+00,1.0032000000E+03,9.9900000000E+01,5.2390259261E+02
1452342000,1.5625077780E+00,1.0031007141E+03,9.9900000000E+01,5.9280919225E+02
1452343200,1.6811477690E+00,1.0031993253E+03,9.9900000000E+01,4.1099818048E+02
1452344400,1.7687372582E+00,1.0032019474E+03,9.9900000000E+01,4.2784311300E+02
1452345600,1.8280031706E+00,1.0031000000E+03,9.9900000000E+01,6.1299666548E+02
1452346800,1.9499651675E+00,1.0030000000E+03,9.9900000000E+01,5.0341517472E+02
1452348000,1.9531201579E+00,1.0030000000E+03,9.9900000000E+01,2.2210025951E+02
1452349200,1.9157892110E+00,1.0031000000E+03,9.9900000000E+01,1.5530011571E+02
1452350400,1.7594541714E+00,1.0032985315E+03,9.9900000000E+01,7.2652267660E+01
1452351600,1.6782327172E+00,1.0034000000E+03,9.9900000000E+01,3.8260553080E+01
1452352800,1.5343355414E+00,1.0032007538E+03,9.9900000000E+01,6.1671508300E+00
1452354000,1.5967995122E+00,1.0030006558E+03,9.9900000000E+01,1.3407090000E-02
1452355200,1.7063055694E+00,1.0030000000E+03,9.9900000000E+01,0.0000000000E+00
1452356400,1.7374029243E+00,1.0027006528E+03,9.9900000000E+01,0.0000000000E+00
1452357600,1.8749629264E+00,1.0026015101E+03,9.9900000000E+01,0.0000000000E+00
1452358800,1.8968967473E+00,1.0025031037E+03,9.9900000000E+01,0.0000000000E+00
1452360000,1.9405563860E+00,1.0027000000E+03,9.9900000000E+01,0.0000000000E+00
1452361200,1.8969393692E+00,1.0024012594E+03,9.9900000000E+01,0.0000000000E+00
1452362400,1.8874164927E+00,1.0024000000E+03,9.9900000000E+01,0.0000000000E+00
1452363600,1.8501241245E+00,1.0024993845E+03,9.9900000000E+01,0.0000000000E+00
1452364800,1.7469152670E+00,1.0026989758E+03,9.9900000000E+01,0.0000000000E+00
1452366000,1.5720160056E+00,1.0026012773E+03,9.9900000000E+01,0.0000000000E+00
1452367200,1.2845562209E+00,1.0024011298E+03,9.9900000000E+01,0.0000000000E+00
1452368400,1.2874679618E+00,1.0024000000E+03,9.9900000000E+01,0.0000000000E+00
1452369600,1.2437811741E+00,1.0024010544E+03,9.9900000000E+01,0.0000000000E+00
1452370800,1.1999985482E+00,1.0025000000E+03,9.9900000000E+01,0.0000000000E+00
1452372000,1.1562138352E+00,1.0024988733E+03,9.9900000000E+01,0.0000000000E+00
1452373200,1.2654999934E+00,1.0023010573E+03,9.9900000000E+01,0.0000000000E+00
1452374400,1.4499184839E+00,1.0021009070E+03,9.9900000000E+01,0.0000000000E+00
1452375600,1.5624398921E+00,1.0020976944E+03,9.9900000000E+01,0.0000000000E+00
1452376800,1.5718770320E+00,1.0020000000E+03,9.9900000000E+01,0.0000000000E+00
1452378000,1.5374750405E+00,1.0019000000E+03,9.9900000000E+01,0.0000000000E+00
1452379200,1.5062346913E+00,1.0019985459E+03,9.9900000000E+01,0.0000000000E+00
1452380400,1.3782799004E+00,1.0018000000E+03,9.9900000000E+01,0.0000000000E+00
1452381600,1.2875611005E+00,1.0017013623E+03,9.9900000000E+01,0.0000000000E+00
1452382800,1.3249594321E+00,1.0015010511E+03,9.9900000000E+01,0.0000000000E+00
1452384000,1.4375015056E+00,1.0014000000E+03,9.9900000000E+01,0.0000000000E+00
1452385200,1.4905919062E+00,1.0013019244E+03,9.9900000000E+01,0.0000000000E+00
1452386400,1.5094307726E+00,1.0012000000E+03,9.9900000000E+01,0.0000000000E+00
1452387600,1.6686128673E+00,1.0009022622E+03,9.9900000000E+01,0.0000000000E+00
1452388800,1.7718663468E+00,1.0010000000E+03,9.9900000000E+01,0.0000000000E+00
1452390000,1.8187857018E+00,1.0010000000E+03,9.9900000000E+01,0.0000000000E+00
1452391200,1.8093212404E+00,1.0009011282E+03,9.9900000000E+01,0.0000000000E+00
1452392400,1.8219848916E+00,1.0006015104E+03,9.9900000000E+01,0.0000000000E+00
1452393600,1.8000669009E+00,1.0005011243E+03,9.9900000000E+01,0.0000000000E+00
1452394800,1.7530906093E+00,1.0004993737E+03,9.9900000000E+01,0.0000000000E+00
1452396000,1.7468579713E+00,1.0001060397E+03,9.9900000000E+01,0.0000000000E+00
1452397200,1.7375116035E+00,1.0000984491E+03,9.9900000000E+01,0.0000000000E+00
1452398400,1.7030311032E+00,1.0000007038E+03,9.9900000000E+01,0.0000000000E+00
1452399600,1.6906731864E+00,9.9980000000E+02,9.9900000000E+01,0.0000000000E+00
1452400800,1.6844081408E+00,9.9980000000E+02,9.9900000000E+01,0.0000000000E+00
1452402000,1.6375544691E+00,9.9950222795E+02,9.9900000000E+01,0.0000000000E+00
1452403200,1.6531487213E+00,9.9910123648E+02,9.9900000000E+01,0.0000000000E+00
1452404400,1.6343592070E+00,9.9880139558E+02,9.9900000000E+01,0.0000000000E+00
1452405600,1.6218571505E+00,9.9860134757E+02,9.9900000000E+01,0.0000000000E+00
1452406800,1.6156218856E+00,9.9850074464E+02,9.9900000000E+01,0.0000000000E+00
1452408000,1.6124760913E+00,9.9849892638E+02,9.9900000000E+01,0.0000000000E+00
1452409200,1.6813175285E+00,9.9830061665E+02,9.9900000000E+01,0.0000000000E+00
1452410400,1.6750525506E+00,9.9810000000E+02,9.9900000000E+01,3.9862982433E+00
1452411600,1.7093516038E+00,9.9800118809E+02,9.9900000000E+01,2.1903799227E+01
1452412800,1.7562342562E+00,9.9800000000E+02,9.9900000000E+01,4.9916181568E+01
1452414000,1.7937626014E+00,9.9790198057E+02,9.9900000000E+01,8.1676622480E+01
1452415200,1.7500154068E+00,9.9770000000E+02,9.9900000000E+01,1.0400000000E+02
1452416400,1.6781234467E+00,9.9750153457E+02,9.9900000000E+01,1.7767478700E+02
1452417600,1.7000196466E+00,9.9730067098E+02,9.9900000000E+01,1.5104255412E+02
1452418800,1.6375399016E+00,9.9710000000E+02,9.9900000000E+01,2.1862730949E+02
1452420000,1.5780804566E+00,9.9690107821E+02,9.9900000000E+01,1.9413107440E+02
1452421200,1.6936642001E+00,9.9650215476E+02,9.9900000000E+01,2.6760350832E+02
1452422400,1.8217475066E+00,9.9640000000E+02,9.9900000000E+01,3.1985646079E+02
1452423600,1.9093797520E+00,9.9590189993E+02,9.9900000000E+01,2.4812937613E+02
1452424800,1.9437948381E+00,9.9580063324E+02,9.9900000000E+01,1.8417584320E+02
1452426000,1.9530949530E+00,9.9540229906E+02,9.9900000000E+01,2.6655785961E+02
1452427200,2.0062745021E+00,9.9530102555E+02,9.9900000000E+01,1.9347896580E+02
1452428400,2.0593570841E+00,9.9500142540E+02,9.9900000000E+01,1.4716150625E+02
1452429600,2.0905830691E+00,9.9450568244E+02,9.9900000000E+01,1.4382828700E+02
1452430800,2.1094435992E+00,9.9430102745E+02,9.9900000000E+01,1.3212498294E+02
1452432000,2.0406310606E+00,9.9400182847E+02,9.9900000000E+01,1.5730011978E+02
1452433200,1.8781803892E+00,9.9380065839E+02,9.9900000000E+01,1.1810755405E+02
1452434400,1.6906899945E+00,9.9360070786E+02,9.9900000000E+01,6.3338888643E+01
1452435600,1.5780810493E+00,9.9340066559E+02,9.9900000000E+01,5.0049539700E+01
1452436800,1.5000738978E+00,9.9310111867E+02,9.9900000000E+01,1.6182669520E+01
1452438000,1.4312458408E+00,9.9300000000E+02,9.9900000000E+01,4.0331825667E+00
1452439200,1.4124247714E+00,9.9300000000E+02,9.9900000000E+01,3.1397230000E-02
1452440400,1.4687411848E+00,9.9300000000E+02,9.9900000000E+01,0.0000000000E+00
1452441600,1.5188103582E+00,9.9280115617E+02,9.9900000000E+01,0.0000000000E+00
1452442800,1.6685799780E+00,9.9250217490E+02,9.9900000000E+01,0.0000000000E+00
1452444000,1.8499416970E+00,9.9240000000E+02,9.9900000000E+01,0.0000000000E+00
1452445200,1.7969058528E+00,9.9230108479E+02,9.9900000000E+01,0.0000000000E+00
1452446400,1.6874673590E+00,9.9220000000E+02,9.9900000000E+01,0.0000000000E+00
1452447600,1.3504485922E+00,9.9229844773E+02,9.9900000000E+01,0.0000000000E+00
1452448800,7.5321385656E-01,9.9210148798E+02,9.9900000000E+01,0.0000000000E+00
1452450000,6.1576249422E-01,9.9190066162E+02,9.9900000000E+01,0.0000000000E+00
1452451200,5.9058179750E-01,9.9170107257E+02,9.9900000000E+01,0.0000000000E+00
1452452400,5.9369540458E-01,9.9150132214E+02,9.9900000000E+01,0.0000000000E+00
1452453600,6.1255834724E-01,9.9179861110E+02,9.9900000000E+01,0.0000000000E+00
1452454800,6.4049333656E-01,9.9199612864E+02,9.9900000000E+01,0.0000000000E+00
1452456000,8.1559822422E-01,9.9180188385E+02,9.9900000000E+01,0.0000000000E+00
1452457200,9.8428515969E-01,9.9160000000E+02,9.9900000000E+01,0.0000000000E+00
1452458400,9.0315556542E-01,9.9179936856E+02,9.9900000000E+01,0.0000000000E+00
1452459600,1.1557986330E+00,9.9210000000E+02,9.9900000000E+01,0.0000000000E+00
1452460800,1.2841748458E+00,9.9219888483E+02,9.9900000000E+01,0.0000000000E+00
1452462000,1.3470736343E+00,9.9229937845E+02,9.9900000000E+01,0.0000000000E+00
1452463200,1.1062536843E+00,9.9230000000E+02,9.9900000000E+01,0.0000000000E+00
1452464400,1.4028993074E+00,9.9229884134E+02,9.9900000000E+01,0.0000000000E+00
1452465600,1.8217900999E+00,9.9239928969E+02,9.9900000000E+01,0.0000000000E+00
1452466800,1.7720034825E+00,9.9210115474E+02,9.9900000000E+01,0.0000000000E+00
1452468000,1.7123519492E+00,9.9210148968E+02,9.9900000000E+01,0.0000000000E+00
1452469200,1.8030511657E+00,9.9229886067E+02,9.9900000000E+01,0.0000000000E+00
1452470400,2.0436443231E+00,9.9220108945E+02,9.9900000000E+01,0.0000000000E+00
1452471600,2.2218232440E+00,9.9210000000E+02,9.9900000000E+01,0.0000000000E+00
1452472800,2.3250927870E+00,9.9210000000E+02,9.9900000000E+01,0.0000000000E+00
1452474000,2.4155792059E+00,9.9199718737E+02,9.9900000000E+01,0.0000000000E+00
1452475200,2.3627564627E+00,9.9180000000E+02,9.9900000000E+01,0.0000000000E+00
1452476400,2.3904264949E+00,9.9180066326E+02,9.9900000000E+01,0.0000000000E+00
1452477600,2.5124166351E+00,9.9189859668E+02,9.9900000000E+01,0.0000000000E+00
1452478800,2.3406743997E+00,9.9229421015E+02,9.9900000000E+01,0.0000000000E+00
1452480000,2.1064154374E+00,9.9219885489E+02,9.9900000000E+01,0.0000000000E+00
1452481200,1.8437833182E+00,9.9220000000E+02,9.9900000000E+01,0.0000000000E+00
1452482400,1.9218987595E+00,9.9219928645E+02,9.9900000000E+01,0.0000000000E+00
1452483600,1.8500416878E+00,9.9220000000E+02,9.9900000000E+01,0.0000000000E+00
1452484800,1.9437161712E+00,9.9229932217E+02,9.9900000000E+01,0.0000000000E+00
1452486000,1.8313258544E+00,9.9220000000E+02,9.9900000000E+01,0.0000000000E+00
1452487200,1.7750556073E+00,9.9210111517E+02,9.9900000000E+01,0.0000000000E+00
1452488400,1.7219159351E+00,9.9210192903E+02,9.9900000000E+01,0.0000000000E+00
1452489600,1.7406115979E+00,9.9200000000E+02,9.9900000000E+01,0.0000000000E+00
1452490800,1.8125349607E+00,9.9190000000E+02,9.9900000000E+01,0.0000000000E+00
1452492000,1.8343506201E+00,9.9209333734E+02,9.9900000000E+01,0.0000000000E+00
1452493200,1.9063902138E+00,9.9190000000E+02,9.9900000000E+01,0.0000000000E+00
1452494400,1.8249358893E+00,9.9180000000E+02,9.9900000000E+01,0.0000000000E+00
1452495600,1.7876080095E+00,9.9150125046E+02,9.9900000000E+01,0.0000000000E+00
1452496800,1.7123846080E+00,9.9159697624E+02,9.9900000000E+01,5.9533589800E+00
1452498000,1.7219125333E+00,9.9160000000E+02,9.9900000000E+01,2.9822077200E+01
1452499200,1.7872137584E+00,9.9170000000E+02,9.9900000000E+01,7.0776554967E+01
1452500400,1.8937360408E+00,9.9190000000E+02,9.9900000000E+01,1.2188124554E+02
1452501600,1.9562491142E+00,9.9189929405E+02,9.9900000000E+01,1.9481284992E+02
1452502800,1.9469336995E+00,9.9200000000E+02,9.9900000000E+01,3.9022259568E+02
1452504000,1.9687772278E+00,9.9200000000E+02,9.9900000000E+01,3.5095351163E+02
1452505200,2.1155363848E+00,9.9200000000E+02,9.9900000000E+01,3.9109795981E+02
1452506400,2.0750318519E+00,9.9200063129E+02,9.9900000000E+01,4.4886444679E+02
1452507600,1.9999493414E+00,9.9170204042E+02,9.9900000000E+01,5.4213203217E+02
1452508800,1.8688146449E+00,9.9180154140E+02,9.9900000000E+01,4.3552882801E+02
1452510000,1.7750469186E+00,9.9189883694E+02,9.9900000000E+01,4.3779991224E+02
1452511200,1.6968816670E+00,9.9170160568E+02,9.9900000000E+01,5.9135881645E+02
1452512400,1.5594603977E+00,9.9170000000E+02,9.9900000000E+01,5.4161256613E+02
1452513600,1.5968600807E+00,9.9179701106E+02,9.9900000000E+01,4.2704098690E+02
1452514800,1.6437479557E+00,9.9160069430E+02,9.9900000000E+01,5.5450514403E+02
1452516000,1.6593777464E+00,9.9169936837E+02,9.9900000000E+01,5.5950921961E+02
1452517200,1.6562669651E+00,9.9180000000E+02,9.9900000000E+01,3.5824535272E+02
1452518400,1.7375845739E+00,9.9180110406E+02,9.9900000000E+01,2.9214909275E+02
1452519600,1.6406871158E+00,9.9180000000E+02,9.9900000000E+01,1.3410468042E+02
1452520800,1.5375647750E+00,9.9180000000E+02,9.9900000000E+01,1.4432462924E+02
1452522000,1.4843379257E+00,9.9150136311E+02,9.9900000000E+01,1.2106519559E+02
1452523200,1.3937348605E+00,9.9160069736E+02,9.9900000000E+01,5.1099999783E+01
1452524400,1.3780915725E+00,9.9170000000E+02,9.9900000000E+01,1.7141084780E+01
1452525600,1.2594174896E+00,9.9140147696E+02,9.9900000000E+01,3.0607855733E+00
1452526800,1.1531481565E+00,9.9120384304E+02,9.9900000000E+01,0.0000000000E+00
1452528000,9.7504111682E-01,9.9060000000E+02,9.9900000000E+01,0.0000000000E+00
1452529200,8.5004023474E-01,9.9080111646E+02,9.9900000000E+01,0.0000000000E+00
1452530400,8.5324960526E-01,9.9070112617E+02,9.9900000000E+01,0.0000000000E+00
1452531600,8.5939036063E-01,9.9070000000E+02,9.9900000000E+01,0.0000000000E+00
1452532800,8.9051934740E-01,9.9069886341E+02,9.9900000000E+01,0.0000000000E+00
1452534000,8.2815320437E-01,9.9080000000E+02,9.9900000000E+01,0.0000000000E+00
1452535200,7.1566476089E-01,9.9060143803E+02,9.9900000000E+01,0.0000000000E+00
1452536400,6.8756510552E-01,9.9060000000E+02,9.9900000000E+01,0.0000000000E+00
1452537600,5.5320577833E-01,9.9060000000E+02,9.9900000000E+01,0.0000000000E+00
1452538800,4.8748001932E-01,9.9069925047E+02,9.9900000000E+01,0.0000000000E+00
1452540000,5.8428204698E-01,9.9050212982E+02,9.9900000000E+01,0.0000000000E+00
1452541200,7.3435260000E-01,9.9040000000E+02,9.9900000000E+01,0.0000000000E+00
1452542400,8.5617488932E-01,9.9049865409E+02,9.9900000000E+01,0.0000000000E+00
1452543600,1.0529927221E+00,9.9059666922E+02,9.9900000000E+01,0.0000000000E+00
1452544800,1.1780258879E+00,9.9050000000E+02,9.9900000000E+01,0.0000000000E+00
1452546000,1.3530070824E+00,9.9050000000E+02,9.9900000000E+01,0.0000000000E+00
1452547200,1.4811362531E+00,9.9040000000E+02,9.9900000000E+01,0.0000000000E+00
1452548400,1.5624376702E+00,9.9070000000E+02,9.9900000000E+01,0.0000000000E+00
1452549600,1.6000153938E+00,9.9079854171E+02,9.9900000000E+01,0.0000000000E+00
1452550800,1.5468466489E+00,9.9089933736E+02,9.9900000000E+01,0.0000000000E+00
1452552000,1.4969514700E+00,9.9089927611E+02,9.9900000000E+01,0.0000000000E+00
1452553200,1.4343150580E+00,9.9080000000E+02,9.9900000000E+01,0.0000000000E+00
1452554400,1.4533843552E+00,9.9070129792E+02,9.9900000000E+01,0.0000000000E+00
1452555600,1.4376277921E+00,9.9050359679E+02,9.9900000000E+01,0.0000000000E+00
1452556800,1.4343986181E+00,9.9040112318E+02,9.9900000000E+01,0.0000000000E+00
1452558000,1.4000665768E+00,9.9040000000E+02,9.9900000000E+01,0.0000000000E+00
1452559200,1.3437382554E+00,9.9030000000E+02,9.9900000000E+01,0.0000000000E+00
1452560400,1.3531700928E+00,9.9040000000E+02,9.9900000000E+01,0.0000000000E+00
1452561600,1.4562214352E+00,9.9030000000E+02,9.9900000000E+01,0.0000000000E+00
1452562800,1.4500185383E+00,9.9049768992E+02,9.9900000000E+01,0.0000000000E+00
1452564000,1.4563127902E+00,9.9070000000E+02,9.9900000000E+01,0.0000000000E+00
1452565200,1.4687004888E+00,9.9060000000E+02,9.9900000000E+01,0.0000000000E+00
1452566400,1.4844265004E+00,9.9050000000E+02,9.9900000000E+01,0.0000000000E+00
1452567600,1.4813342554E+00,9.9030112510E+02,9.9900000000E+01,0.0000000000E+00
1452568800,1.4343468529E+00,9.9020062534E+02,9.9900000000E+01,0.0000000000E+00
1452570000,1.4811775097E+00,9.9000147382E+02,9.9900000000E+01,0.0000000000E+00
1452571200,1.5000265900E+00,9.9010000000E+02,9.9900000000E+01,0.0000000000E+00
1452572400,1.5781145223E+00,9.9000111939E+02,9.9900000000E+01,0.0000000000E+00
1452573600,1.5124543232E+00,9.8990076133E+02,9.9900000000E+01,0.0000000000E+00
1452574800,1.6031495092E+00,9.9000000000E+02,9.9900000000E+01,0.0000000000E+00
1452576000,1.6593829655E+00,9.9029775620E+02,9.9900000000E+01,0.0000000000E+00
1452577200,1.6155071613E+00,9.9029803572E+02,9.9900000000E+01,0.0000000000E+00
1452578400,1.6595071927E+00,9.9040000000E+02,9.9900000000E+01,0.0000000000E+00
1452579600,1.6313714824E+00,9.9050000000E+02,9.9900000000E+01,0.0000000000E+00
1452580800,1.7529515953E+00,9.9040000000E+02,9.9900000000E+01,0.0000000000E+00
1452582000,1.8030576904E+00,9.9069888647E+02,9.9900000000E+01,0.0000000000E+00
1452583200,1.8499383931E+00,9.9099931531E+02,9.9900000000E+01,2.9781443300E+00
1452584400,1.6782036423E+00,9.9129887221E+02,9.9900000000E+01,1.3908660307E+01
1452585600,1.6780683372E+00,9.9149939955E+02,9.9900000000E+01,3.1938510050E+01
1452586800,1.7529915154E+00,9.9169847970E+02,9.9900000000E+01,6.8651273453E+01
1452588000,1.9063283242E+00,9.9180000000E+02,9.9900000000E+01,8.9215599652E+01
1452589200,1.9967769635E+00,9.9180323746E+02,9.9900000000E+01,1.3912205477E+02
1452590400,2.0406404993E+00,9.9200000000E+02,9.9900000000E+01,1.2712846555E+02
1452591600,2.0623972916E+00,9.9219693238E+02,9.9900000000E+01,1.8938093187E+02
1452592800,2.0062182116E+00,9.9220000000E+02,9.9900000000E+01,2.6970099253E+02
1452594000,2.1622950979E+00,9.9230066100E+02,9.9900000000E+01,4.0995752400E+02
1452595200,2.3219937855E+00,9.9229916245E+02,9.9900000000E+01,4.4434178061E+02
1452596400,2.4155764108E+00,9.9230000000E+02,9.9900000000E+01,6.6174492718E+02
1452597600,2.5217295092E+00,9.9230150476E+02,9.9900000000E+01,6.2924246286E+02
1452598800,2.6936813358E+00,9.9239859449E+02,9.9900000000E+01,7.1655995045E+02
1452600000,2.7499385693E+00,9.9249936846E+02,9.9900000000E+01,4.5855515809E+02
1452601200,3.2124053755E+00,9.9259848107E+02,9.9900000000E+01,4.8954675174E+02
1452602400,2.9251549806E+00,9.9260000000E+02,9.9900000000E+01,2.8804608277E+02
1452603600,2.8406968472E+00,9.9269939486E+02,9.9900000000E+01,1.7049525027E+02
1452604800,2.8124181433E+00,9.9279809415E+02,9.9900000000E+01,1.2594154753E+02
1452606000,2.6626329000E+00,9.9280113851E+02,9.9900000000E+01,1.3410372864E+02
1452607200,2.5376081572E+00,9.9299852893E+02,9.9900000000E+01,1.0707426499E+02
1452608400,2.5343189470E+00,9.9300000000E+02,9.9900000000E+01,7.1221076700E+01
1452609600,2.4937616666E+00,9.9310000000E+02,9.9900000000E+01,3.5267612240E+01
1452610800,2.4406291243E+00,9.9329807886E+02,9.9900000000E+01,9.1935027833E+00
1452612000,2.3750019614E+00,9.9359850621E+02,9.9900000000E+01,2.0458259750E+00
1452613200,2.4282723801E+00,9.9370000000E+02,9.9900000000E+01,0.0000000000E+00
1452614400,2.2937950519E+00,9.9380000000E+02,9.9900000000E+01,0.0000000000E+00
1452615600,2.3530746454E+00,9.9389846124E+02,9.9900000000E+01,0.0000000000E+00
1452616800,2.4031585964E+00,9.9400000000E+02,9.9900000000E+01,0.0000000000E+00
1452618000,2.3095374485E+00,9.9409890881E+02,9.9900000000E+01,0.0000000000E+00
1452619200,2.4404872426E+00,9.9410000000E+02,9.9900000000E+01,0.0000000000E+00
1452620400,2.0937911216E+00,9.9400099636E+02,9.9900000000E+01,0.0000000000E+00
1452621600,2.0093646944E+00,9.9410000000E+02,9.9900000000E+01,0.0000000000E+00
1452622800,1.9937693949E+00,9.9410000000E+02,9.9900000000E+01,0.0000000000E+00
1452624000,1.9406415444E+00,9.9419938586E+02,9.9900000000E+01,0.0000000000E+00
1452625200,1.9188140722E+00,9.9410000000E+02,9.9900000000E+01,0.0000000000E+00
1452626400,1.7687966427E+00,9.9429882931E+02,9.9900000000E+01,0.0000000000E+00
1452627600,1.7219706205E+00,9.9440000000E+02,9.9900000000E+01,0.0000000000E+00
1452628800,1.7750994932E+00,9.9449761650E+02,9.9900000000E+01,0.0000000000E+00
1452630000,1.7750754895E+00,9.9459886578E+02,9.9900000000E+01,0.0000000000E+00
1452631200,1.6187652283E+00,9.9469887621E+02,9.9900000000E+01,0.0000000000E+00
1452632400,1.6092668357E+00,9.9470144585E+02,9.9900000000E+01,0.0000000000E+00
1452633600,1.6250193932E+00,9.9479842780E+02,9.9900000000E+01,0.0000000000E+00
1452634800,1.5875433044E+00,9.9499881338E+02,9.9900000000E+01,0.0000000000E+00
1452636000,1.6625893141E+00,9.9490000000E+02,9.9900000000E+01,0.0000000000E+00
1452637200,1.5374823619E+00,9.9509840213E+02,9.9900000000E+01,0.0000000000E+00
1452638400,1.5063949660E+00,9.9520000000E+02,9.9900000000E+01,0.0000000000E+00
1452639600,1.4000702878E+00,9.9529889811E+02,9.9900000000E+01,0.0000000000E+00
1452640800,1.3281125360E+00,9.9549805304E+02,9.9900000000E+01,0.0000000000E+00
1452642000,1.3499536433E+00,9.9549637519E+02,9.9900000000E+01,0.0000000000E+00
1452643200,1.3031863540E+00,9.9559939710E+02,9.9900000000E+01,0.0000000000E+00
1452644400,1.0064346704E+00,9.9560000000E+02,9.9900000000E+01,0.0000000000E+00
1452645600,9.6556346578E-01,9.9589700149E+02,9.9900000000E+01,0.0000000000E+00
1452646800,9.4070244531E-01,9.9589924602E+02,9.9900000000E+01,0.0000000000E+00
1452648000,8.0938309057E-01,9.9609851827E+02,9.9900000000E+01,0.0000000000E+00
1452649200,6.7805092297E-01,9.9609929558E+02,9.9900000000E+01,0.0000000000E+00
1452650400,6.2508018615E-01,9.9620000000E+02,9.9900000000E+01,0.0000000000E+00
1452651600,6.0638110786E-01,9.9649928130E+02,9.9900000000E+01,0.0000000000E+00
1452652800,5.4379724901E-01,9.9659824071E+02,9.9900000000E+01,0.0000000000E+00
1452654000,5.0637385958E-01,9.9670000000E+02,9.9900000000E+01,0.0000000000E+00
1452655200,4.1253687953E-01,9.9699850381E+02,9.9900000000E+01,0.0000000000E+00
1452656400,3.3442386542E-01,9.9700000000E+02,9.9900000000E+01,0.0000000000E+00
1452657600,-5.9094288281E-02,9.9739938262E+02,9.9900000000E+01,0.0000000000E+00
1452658800,-7.4343327281E-01,9.9769848576E+02,9.9900000000E+01,0.0000000000E+00
1452660000,-1.4277968678E+00,9.9799891668E+02,9.9900000000E+01,0.0000000000E+00
1452661200,-1.8436427521E+00,9.9809853225E+02,9.9900000000E+01,0.0000000000E+00
1452662400,-2.0435910806E+00,9.9839874412E+02,9.9900000000E+01,0.0000000000E+00
1452663600,-2.2842066439E+00,9.9879784387E+02,9.9900000000E+01,0.0000000000E+00
1452664800,-2.7498364376E+00,9.9899773841E+02,9.9900000000E+01,0.0000000000E+00
1452666000,-3.1779460621E+00,9.9939890051E+02,9.9900000000E+01,0.0000000000E+00
1452667200,-3.4530878634E+00,9.9989712528E+02,9.9900000000E+01,0.0000000000E+00
1452668400,-3.6093166456E+00,1.0002970180E+03,9.9900000000E+01,5.9096958000E+00
1452669600,-3.7936480033E+00,1.0002014508E+03,9.9900000000E+01,6.1295133637E+01
1452670800,-4.1185614422E+00,1.0005986125E+03,9.9900000000E+01,2.3512046841E+02
1452672000,-4.3530585223E+00,1.0010977186E+03,9.9900000000E+01,8.6463456368E+02
1452673200,-4.4343936056E+00,1.0015966885E+03,9.9900000000E+01,1.8846914535E+03
1452674400,-4.5344062566E+00,1.0018984977E+03,9.9900000000E+01,9.1617277542E+03
1452675600,-4.4437811531E+00,1.0020992452E+03,9.9900000000E+01,3.9221709350E+04
1452676800,-4.1438667950E+00,1.0024976767E+03,8.4389091428E+01,4.0000000000E+04
1452678000,-3.9687664139E+00,1.0027992927E+03,7.6535547940E+01,4.0000000000E+04
1452679200,-3.8344659662E+00,1.0031992779E+03,7.4518403283E+01,4.0000000000E+04
1452680400,-3.6625869255E+00,1.0033984134E+03,7.1311392802E+01,4.0000000000E+04
1452681600,-3.3968938047E+00,1.0035992329E+03,6.2831224700E+01,4.0000000000E+04
1452682800,-3.3874319407E+00,1.0038989615E+03,5.8321049977E+01,4.0000000000E+04
1452684000,-3.2657178394E+00,1.0041985663E+03,6.1891600620E+01,3.8772445485E+04
1452685200,-3.2031034081E+00,1.0045953737E+03,6.0651196497E+01,6.8000091498E+03
1452686400,-3.0781840679E+00,1.0047000000E+03,5.9294509846E+01,4.0000000000E+04
1452687600,-2.8469820679E+00,1.0050977229E+03,5.9114174942E+01,4.0000000000E+04
1452688800,-2.8437826767E+00,1.0052000000E+03,5.5909581480E+01,3.7822001736E+04
1452690000,-2.8436189390E+00,1.0054989001E+03,5.4816706462E+01,2.6409642149E+03
1452691200,-3.0156844097E+00,1.0057977138E+03,6.1443979149E+01,2.2525684567E+03
1452692400,-3.0656301291E+00,1.0057993708E+03,6.5587148240E+01,1.6054241081E+03
1452693600,-2.9967556324E+00,1.0060976907E+03,6.9711621357E+01,1.3650708548E+03
1452694800,-3.0622758176E+00,1.0064993116E+03,6.8903664324E+01,5.7957565939E+02
1452696000,-3.3375546143E+00,1.0066000000E+03,7.5445313352E+01,2.7143746204E+02
1452697200,-3.1187927766E+00,1.0068985973E+03,8.1284988171E+01,4.9343127520E+01
1452698400,-2.8812503342E+00,1.0071000000E+03,8.3791671722E+01,8.1082676183E+00
1452699600,-2.7157459618E+00,1.0073986467E+03,8.4491013624E+01,1.3825193333E-02
1452700800,-2.6125954830E+00,1.0075994066E+03,8.2512250783E+01,0.0000000000E+00
1452702000,-2.5968141334E+00,1.0077000000E+03,8.3178422229E+01,0.0000000000E+00
1452703200,-2.6748908823E+00,1.0078962403E+03,8.6290532348E+01,0.0000000000E+00
1452704400,-2.8437944053E+00,1.0081987745E+03,8.5804388942E+01,0.0000000000E+00
1452705600,-2.8624262470E+00,1.0083986649E+03,8.5800713336E+01,0.0000000000E+00
1452706800,-2.9436951751E+00,1.0084993062E+03,8.4802833070E+01,0.0000000000E+00
1452708000,-3.0436487464E+00,1.0084010715E+03,8.4394570493E+01,0.0000000000E+00
1452709200,-3.1875554271E+00,1.0085000000E+03,8.5493205300E+01,0.0000000000E+00
1452710400,-3.1657166096E+00,1.0087978963E+03,8.6192531918E+01,0.0000000000E+00
1452711600,-3.1156727786E+00,1.0088989759E+03,8.6696885278E+01,0.0000000000E+00
1452712800,-3.0968664279E+00,1.0090992233E+03,8.7995888112E+01,0.0000000000E+00
1452714000,-3.1562546315E+00,1.0091010799E+03,8.7206563648E+01,0.0000000000E+00
1452715200,-3.2875001785E+00,1.0092993762E+03,8.7601275210E+01,0.0000000000E+00
1452716400,-3.4374495103E+00,1.0095954536E+03,8.7595304531E+01,0.0000000000E+00
1452717600,-3.6436113324E+00,1.0096000000E+03,8.7893122700E+01,0.0000000000E+00
1452718800,-3.8842895802E+00,1.0097993160E+03,9.0586052483E+01,0.0000000000E+00
1452720000,-4.0280617260E+00,1.0100000000E+03,9.2187834674E+01,0.0000000000E+00
1452721200,-4.1468341341E+00,1.0099000000E+03,9.2693293224E+01,0.0000000000E+00
1452722400,-4.1655768209E+00,1.0100976290E+03,9.4466608945E+01,0.0000000000E+00
1452723600,-4.1874926320E+00,1.0101000000E+03,9.5395260776E+01,0.0000000000E+00
1452724800,-4.2999883685E+00,1.0101000000E+03,9.4113315562E+01,0.0000000000E+00
1452726000,-4.2218640265E+00,1.0100000000E+03,9.1223963825E+01,0.0000000000E+00
1452727200,-4.2469402949E+00,1.0101000000E+03,9.0391155273E+01,0.0000000000E+00
1452728400,-4.1967532041E+00,1.0100970249E+03,9.0798498178E+01,0.0000000000E+00
1452729600,-4.2718907020E+00,1.0099019100E+03,8.8910407736E+01,0.0000000000E+00
1452730800,-4.4092640629E+00,1.0098988472E+03,8.7604803053E+01,0.0000000000E+00
1452732000,-4.7498717811E+00,1.0099000000E+03,8.7699335562E+01,0.0000000000E+00
1452733200,-4.7250808542E+00,1.0097984548E+03,8.9495322066E+01,0.0000000000E+00
1452734400,-4.5937459800E+00,1.0097988978E+03,9.1485055326E+01,0.0000000000E+00
1452735600,-4.4531995538E+00,1.0097993617E+03,9.1597393698E+01,0.0000000000E+00
1452736800,-4.3374147057E+00,1.0097000000E+03,9.2496322830E+01,0.0000000000E+00
1452738000,-4.4373924645E+00,1.0096006481E+03,9.5391697656E+01,0.0000000000E+00
1452739200,-4.4813507227E+00,1.0096000000E+03,9.6508856525E+01,0.0000000000E+00
1452740400,-4.3876213186E+00,1.0092020179E+03,9.6994513100E+01,0.0000000000E+00
1452741600,-4.1876363687E+00,1.0092000000E+03,9.6400765277E+01,0.0000000000E+00
1452742800,-4.0781101792E+00,1.0091015041E+03,9.7571152173E+01,0.0000000000E+00
1452744000,-4.1811685351E+00,1.0091000000E+03,9.8793521857E+01,0.0000000000E+00
1452745200,-4.3655441291E+00,1.0087032924E+03,9.9900000000E+01,0.0000000000E+00
1452746400,-4.5187430581E+00,1.0086006633E+03,9.9900000000E+01,0.0000000000E+00
1452747600,-4.5530728349E+00,1.0085010929E+03,9.9900000000E+01,0.0000000000E+00
1452748800,-4.5719771959E+00,1.0085007142E+03,9.9900000000E+01,0.0000000000E+00
1452750000,-4.6405628114E+00,1.0084006857E+03,9.9900000000E+01,0.0000000000E+00
1452751200,-4.7343171623E+00,1.0082006843E+03,9.9900000000E+01,0.0000000000E+00
1452752400,-4.8905870825E+00,1.0080006745E+03,9.9900000000E+01,0.0000000000E+00
1452753600,-5.0217535141E+00,1.0079000000E+03,9.9900000000E+01,0.0000000000E+00
1452754800,-5.0625514739E+00,1.0079000000E+03,9.9900000000E+01,1.9854602167E+00
1452756000,-5.0469397860E+00,1.0079000000E+03,9.9900000000E+01,1.3945984573E+01
1452757200,-5.0000875709E+00,1.0077006528E+03,9.9900000000E+01,3.5933337833E+01
1452758400,-4.8594808937E+00,1.0077000000E+03,9.9900000000E+01,1.5647151627E+02
1452759600,-4.5526131067E+00,1.0077011555E+03,9.9900000000E+01,2.1579028780E+02
1452760800,-4.5126684940E+00,1.0077000000E+03,9.9900000000E+01,3.7151326661E+02
1452762000,-4.2751121350E+00,1.0076000000E+03,9.9900000000E+01,6.3498069804E+02
1452763200,-4.0596158262E+00,1.0075000000E+03,9.9900000000E+01,6.7802832643E+02
1452764400,-3.8624822045E+00,1.0075000000E+03,9.9900000000E+01,7.3076277413E+02
1452765600,-3.6471134732E+00,1.0074007446E+03,9.9900000000E+01,9.5078722107E+02
1452766800,-3.4219898427E+00,1.0073006526E+03,9.9900000000E+01,1.0500491838E+03
1452768000,-3.2813391327E+00,1.0072000000E+03,9.9900000000E+01,1.1027243591E+03
1452769200,-3.1094146834E+00,1.0073000000E+03,9.9900000000E+01,1.2455295216E+03
1452770400,-2.9500412436E+00,1.0072000000E+03,9.9900000000E+01,1.3333639974E+03
1452771600,-2.8345349714E+00,1.0070000000E+03,9.9900000000E+01,1.3394275595E+03
1452772800,-2.5969948739E+00,1.0068006996E+03,9.9900000000E+01,1.2603996393E+03
1452774000,-2.4749798504E+00,1.0067019915E+03,9.9900000000E+01,1.3305931110E+03
1452775200,-2.3656739279E+00,1.0067000000E+03,9.9900000000E+01,1.2423814766E+03
1452776400,-2.2625533508E+00,1.0066000000E+03,9.9900000000E+01,1.1248423125E+03
1452777600,-2.1375287906E+00,1.0065006658E+03,9.9900000000E+01,1.1230496745E+03
1452778800,-2.0780086391E+00,1.0064992625E+03,9.9900000000E+01,7.0065975567E+02
1452780000,-2.0750748675E+00,1.0064010548E+03,9.9900000000E+01,3.0916530247E+02
1452781200,-2.0094632137E+00,1.0063023614E+03,9.9900000000E+01,2.1337941029E+02
1452782400,-1.9375376213E+00,1.0063980159E+03,9.9900000000E+01,1.4497922498E+02
1452783600,-1.9312664253E+00,1.0064988409E+03,9.9900000000E+01,6.0387157650E+01
1452784800,-1.8313106264E+00,1.0063000000E+03,9.9900000000E+01,1.5371394760E+01
1452786000,-1.7968365988E+00,1.0064993332E+03,9.9900000000E+01,2.7234153333E-02
1452787200,-1.8155905198E+00,1.0064984636E+03,9.9900000000E+01,0.0000000000E+00
1452788400,-1.8562283537E+00,1.0065992912E+03,9.9900000000E+01,0.0000000000E+00
1452789600,-1.9375522714E+00,1.0066000000E+03,9.9900000000E+01,0.0000000000E+00
1452790800,-1.9500726593E+00,1.0065989034E+03,9.9900000000E+01,0.0000000000E+00
1452792000,-1.9812121685E+00,1.0066000000E+03,9.9900000000E+01,0.0000000000E+00
1452793200,-2.0374742416E+00,1.0065014841E+03,9.9900000000E+01,0.0000000000E+00
1452794400,-2.0469182928E+00,1.0065989392E+03,9.9900000000E+01,0.0000000000E+00
1452795600,-1.9594271318E+00,1.0065000000E+03,9.9900000000E+01,0.0000000000E+00
1452796800,-1.8999371019E+00,1.0066000000E+03,9.9900000000E+01,0.0000000000E+00
1452798000,-1.8843252789E+00,1.0065993558E+03,9.9900000000E+01,1.9868432033E+00
1452799200,-1.8687652288E+00,1.0065972325E+03,9.9900000000E+01,2.0000000000E+00
1452800400,-1.8718850365E+00,1.0066988203E+03,9.9900000000E+01,2.3883026667E-02
1452801600,-1.8375469139E+00,1.0067000000E+03,9.9900000000E+01,0.0000000000E+00
1452802800,-1.8468373907E+00,1.0065023200E+03,9.9900000000E+01,0.0000000000E+00
1452804000,-1.8844014834E+00,1.0066000000E+03,9.9900000000E+01,2.0000000000E+00
1452805200,-1.9749800705E+00,1.0067980839E+03,9.9900000000E+01,0.0000000000E+00
1452806400,-2.0062335080E+00,1.0069977471E+03,9.9900000000E+01,0.0000000000E+00
1452807600,-2.0188033536E+00,1.0070000000E+03,9.9900000000E+01,1.9861734900E+00
1452808800,-1.9218849504E+00,1.0069014919E+03,9.9900000000E+01,2.0000000000E+00
1452810000,-1.9687220092E+00,1.0070000000E+03,9.9900000000E+01,1.9688578200E+00
1452811200,-2.0249572733E+00,1.0069000000E+03,9.9900000000E+01,2.0000000000E+00
1452812400,-2.1187296359E+00,1.0069993330E+03,9.9900000000E+01,2.0000000000E+00
